order_id,order_date,customer_id,product_id,quantity,payment_method,order_status,unit_price,cost_price,gross_amount,refund_amount,revenue,cost,margin
O00001,2025-01-22,C0369,P030,2.0,Cash on Delivery,Delivered,6154.82,4114.48,12309.64,0.0,12309.64,8228.96,4080.68
O00002,2026-04-19,C0432,P062,4.0,Cash on Delivery,Delivered,2068.98,1188.23,8275.92,0.0,8275.92,4752.92,3523.0
O00003,2025-04-30,C0158,P025,4.0,Net Banking,Delivered,1601.59,753.23,6406.36,0.0,6406.36,3012.92,3393.44
O00004,2025-07-29,C0268,P027,1.0,Card,Delivered,7352.79,4560.98,7352.79,0.0,7352.79,4560.98,2791.81
O00005,2025-11-02,C0035,P051,2.0,UPI,Delivered,14740.26,7745.22,29480.52,0.0,29480.52,15490.44,13990.08
O00006,2025-09-27,C0267,P078,3.0,Cash on Delivery,Delivered,13492.31,9504.32,40476.93,0.0,40476.93,28512.96,11963.97
O00007,2025-10-12,C0064,P057,3.0,Card,Delivered,1255.3,644.89,3765.9,0.0,3765.9,1934.67,1831.23
O00008,2025-08-15,C0050,P047,2.0,Cash on Delivery,Delivered,14359.31,8667.35,28718.62,0.0,28718.62,17334.7,11383.92
O00009,2026-01-16,C0255,P039,4.0,Cash on Delivery,Delivered,10818.63,6060.84,43274.52,0.0,43274.52,24243.36,19031.16
O00010,2026-04-05,C0149,P016,4.0,UPI,Delivered,7090.56,3781.92,28362.24,0.0,28362.24,15127.68,13234.56
O00011,2025-01-07,C0325,P022,3.0,,Delivered,1329.44,646.27,3988.32,0.0,3988.32,1938.81,2049.51
O00012,2025-01-29,C0304,P054,3.0,UPI,Delivered,13584.74,8606.48,40754.22,0.0,40754.22,25819.44,14934.78
O00013,2025-02-02,C0276,P021,3.0,Cash on Delivery,Refunded,14009.07,10751.96,42027.21,42027.21,0.0,32255.88,-32255.88
O00014,2025-03-20,C0357,P072,1.0,Cash on Delivery,Delivered,9079.93,6344.33,9079.93,0.0,9079.93,6344.33,2735.6
O00015,2026-04-04,C0172,P016,3.0,Cash on Delivery,Delivered,7090.56,3781.92,21271.68,0.0,21271.68,11345.76,9925.92
O00016,2026-07-24,C0417,P059,1.0,UPI,Delivered,12616.04,7036.26,12616.04,0.0,12616.04,7036.26,5579.78
O00017,2026-06-22,C0201,P031,2.0,Net Banking,Delivered,1647.98,1037.32,3295.96,0.0,3295.96,2074.64,1221.32
O00018,2026-04-27,C0445,P042,4.0,Card,Delivered,13681.98,6634.74,54727.92,0.0,54727.92,26538.96,28188.96
O00019,2026-03-06,C0393,P074,3.0,Net Banking,Delivered,4125.43,2092.99,12376.29,0.0,12376.29,6278.97,6097.32
O00020,2025-10-12,C0324,P032,4.0,Cash on Delivery,Delivered,5244.65,3856.3,20978.6,0.0,20978.6,15425.2,5553.4
O00021,2026-05-31,C0035,P059,4.0,Cash on Delivery,Refunded,12616.04,7036.26,50464.16,50464.16,0.0,28145.04,-28145.04
O00022,2025-04-09,C0216,P034,3.0,Net Banking,Delivered,11064.4,6882.23,33193.2,0.0,33193.2,20646.69,12546.51
O00023,2026-02-01,C0065,P009,3.0,Cash on Delivery,Delivered,8214.5,3816.82,24643.5,0.0,24643.5,11450.46,13193.04
O00024,2026-05-04,C0008,P011,2.0,Card,Delivered,11146.48,5146.21,22292.96,0.0,22292.96,10292.42,12000.54
O00025,2025-02-08,C0301,P010,1.0,Cash on Delivery,Delivered,10026.33,7331.49,10026.33,0.0,10026.33,7331.49,2694.84
O00026,2025-09-28,C0343,P017,,Card,Cancelled,14858.02,6711.03,14858.02,0.0,14858.02,6711.03,8146.99
O00027,2025-06-06,C0431,P068,4.0,Net Banking,Delivered,12071.31,7153.93,48285.24,0.0,48285.24,28615.72,19669.52
O00028,2025-03-16,C0424,P048,3.0,Net Banking,Delivered,12030.44,8903.65,36091.32,0.0,36091.32,26710.95,9380.37
O00029,2025-05-10,C0332,P052,2.0,Cash on Delivery,Delivered,13297.72,9971.58,26595.44,0.0,26595.44,19943.16,6652.28
O00030,2025-03-25,C0438,P025,2.0,Card,Delivered,1601.59,753.23,3203.18,0.0,3203.18,1506.46,1696.72
O00031,2025-01-22,C0076,P021,2.0,Cash on Delivery,Cancelled,14009.07,10751.96,28018.14,0.0,28018.14,21503.92,6514.22
O00032,2026-04-04,C0174,P065,2.0,UPI,Delivered,839.96,413.59,1679.92,0.0,1679.92,827.18,852.74
O00033,2026-06-23,C0047,P063,2.0,UPI,Delivered,990.1,448.51,1980.2,0.0,1980.2,897.02,1083.18
O00034,2026-01-17,C0015,P051,1.0,UPI,Refunded,14740.26,7745.22,14740.26,14740.26,0.0,7745.22,-7745.22
O00035,2026-03-16,C0361,P036,1.0,UPI,Cancelled,7169.47,3806.59,7169.47,0.0,7169.47,3806.59,3362.88
O00036,2026-08-27,C0147,P066,1.0,Cash on Delivery,Delivered,14371.87,7811.16,14371.87,0.0,14371.87,7811.16,6560.71
O00037,2025-01-21,C0026,P015,3.0,UPI,Delivered,6437.34,3494.57,19312.02,0.0,19312.02,10483.71,8828.31
O00038,2025-10-30,C0308,P039,4.0,Card,Delivered,10818.63,6060.84,43274.52,0.0,43274.52,24243.36,19031.16
O00039,2025-03-25,C0093,P070,2.0,Net Banking,Delivered,3479.96,2016.32,6959.92,0.0,6959.92,4032.64,2927.28
O00040,2026-03-29,C0406,P001,3.0,Net Banking,Delivered,8541.95,5952.01,25625.85,0.0,25625.85,17856.03,7769.82
O00041,2026-01-22,C0232,P023,2.0,UPI,Delivered,439.44,327.46,878.88,0.0,878.88,654.92,223.96
O00042,2026-05-22,C0021,P039,1.0,UPI,Delivered,10818.63,6060.84,10818.63,0.0,10818.63,6060.84,4757.79
O00043,2025-09-14,C0307,P057,3.0,UPI,Delivered,1255.3,644.89,3765.9,0.0,3765.9,1934.67,1831.23
O00044,2026-07-24,C0038,P034,1.0,Cash on Delivery,Delivered,11064.4,6882.23,11064.4,0.0,11064.4,6882.23,4182.17
O00045,2026-06-11,C0276,P041,2.0,Net Banking,Delivered,4375.8,3312.17,8751.6,0.0,8751.6,6624.34,2127.26
O00046,2025-06-11,C0157,P073,2.0,UPI,Delivered,8017.96,5695.21,16035.92,0.0,16035.92,11390.42,4645.5
O00047,2025-06-12,C0179,P013,4.0,Card,Delivered,6574.21,4979.47,26296.84,0.0,26296.84,19917.88,6378.96
O00048,2026-06-08,C0132,P070,2.0,UPI,Delivered,3479.96,2016.32,6959.92,0.0,6959.92,4032.64,2927.28
O00049,2025-09-28,C0311,P006,1.0,Net Banking,Delivered,6245.94,3616.94,6245.94,0.0,6245.94,3616.94,2629.0
O00050,2026-05-07,C0348,P052,2.0,UPI,Delivered,13297.72,9971.58,26595.44,0.0,26595.44,19943.16,6652.28
O00051,2025-07-27,C0028,P003,4.0,Net Banking,Delivered,13309.48,9919.88,53237.92,0.0,53237.92,39679.52,13558.4
O00052,2026-06-23,C0260,P063,4.0,UPI,Delivered,990.1,448.51,3960.4,0.0,3960.4,1794.04,2166.36
O00053,2026-08-07,C0406,P049,1.0,Card,Delivered,4107.04,1855.14,4107.04,0.0,4107.04,1855.14,2251.9
O00054,2025-03-01,C0076,P076,3.0,UPI,Delivered,7520.44,5735.15,22561.32,0.0,22561.32,17205.45,5355.87
O00055,2026-03-06,C0429,P047,2.0,Card,Delivered,14359.31,8667.35,28718.62,0.0,28718.62,17334.7,11383.92
O00056,2026-08-28,C0067,P055,4.0,Card,Delivered,14841.02,10384.11,59364.08,0.0,59364.08,41536.44,17827.64
O00057,2025-11-05,C0342,P064,2.0,UPI,Delivered,5946.13,4282.19,11892.26,0.0,11892.26,8564.38,3327.88
O00058,2026-06-04,C0194,P065,2.0,Card,Cancelled,839.96,413.59,1679.92,0.0,1679.92,827.18,852.74
O00059,2026-08-14,C0162,P067,3.0,Cash on Delivery,Delivered,12445.22,5676.03,37335.66,0.0,37335.66,17028.09,20307.57
O00060,2025-01-27,C0347,P015,4.0,UPI,Delivered,6437.34,3494.57,25749.36,0.0,25749.36,13978.28,11771.08
O00061,2026-07-16,C0439,P032,2.0,UPI,Cancelled,5244.65,3856.3,10489.3,0.0,10489.3,7712.6,2776.7
O00062,2025-07-18,C0361,P068,4.0,Card,Delivered,12071.31,7153.93,48285.24,0.0,48285.24,28615.72,19669.52
O00063,2026-01-22,C0257,P018,1.0,Card,Delivered,303.49,206.25,303.49,0.0,303.49,206.25,97.24
O00064,2025-12-15,C0072,P043,1.0,UPI,Delivered,962.98,655.47,962.98,0.0,962.98,655.47,307.51
O00065,2026-06-20,C0087,P035,2.0,Cash on Delivery,Delivered,349.19,257.18,698.38,0.0,698.38,514.36,184.02
O00066,2026-01-13,C0422,P078,4.0,Card,Delivered,13492.31,9504.32,53969.24,0.0,53969.24,38017.28,15951.96
O00067,2026-07-12,C0262,P058,2.0,Card,Delivered,6203.23,2963.61,12406.46,0.0,12406.46,5927.22,6479.24
O00068,2026-06-11,C0214,P033,4.0,Net Banking,Delivered,7981.03,5524.39,31924.12,0.0,31924.12,22097.56,9826.56
O00069,2025-06-02,C0153,P014,4.0,Cash on Delivery,Delivered,13186.98,9133.57,52747.92,0.0,52747.92,36534.28,16213.64
O00070,2025-07-25,C0210,P034,3.0,Cash on Delivery,Delivered,11064.4,6882.23,33193.2,0.0,33193.2,20646.69,12546.51
O00071,2026-03-31,C0401,P061,3.0,UPI,Delivered,12510.45,6107.96,37531.35,0.0,37531.35,18323.88,19207.47
O00072,2025-09-30,C0061,P004,3.0,Cash on Delivery,Delivered,8094.9,5940.38,24284.7,0.0,24284.7,17821.14,6463.56
O00073,2025-08-24,C0268,P059,2.0,UPI,Delivered,12616.04,7036.26,25232.08,0.0,25232.08,14072.52,11159.56
O00074,2026-06-05,C0262,P029,3.0,Net Banking,Delivered,4293.8,2741.74,12881.4,0.0,12881.4,8225.22,4656.18
O00075,2026-05-16,C0218,P006,3.0,Cash on Delivery,Delivered,6245.94,3616.94,18737.82,0.0,18737.82,10850.82,7887.0
O00076,2025-04-27,C0283,P049,1.0,Card,Delivered,4107.04,1855.14,4107.04,0.0,4107.04,1855.14,2251.9
O00077,2026-01-21,C0136,P040,4.0,Net Banking,Delivered,8959.9,4737.71,35839.6,0.0,35839.6,18950.84,16888.76
O00078,2025-12-10,C0380,P065,4.0,UPI,Delivered,839.96,413.59,3359.84,0.0,3359.84,1654.36,1705.48
O00079,2026-08-07,C0362,P069,3.0,Net Banking,Delivered,9557.74,6950.77,28673.22,0.0,28673.22,20852.31,7820.91
O00080,2026-01-30,C0449,P027,4.0,UPI,Delivered,7352.79,4560.98,29411.16,0.0,29411.16,18243.92,11167.24
O00081,2025-03-05,C0441,P080,1.0,Net Banking,Delivered,9457.18,5733.69,9457.18,0.0,9457.18,5733.69,3723.49
O00082,2025-03-13,C0093,P006,1.0,UPI,Delivered,6245.94,3616.94,6245.94,0.0,6245.94,3616.94,2629.0
O00083,2025-10-01,C0109,P013,3.0,Cash on Delivery,Delivered,6574.21,4979.47,19722.63,0.0,19722.63,14938.41,4784.22
O00084,2025-11-16,C0241,P064,1.0,Card,Delivered,5946.13,4282.19,5946.13,0.0,5946.13,4282.19,1663.94
O00085,2025-12-04,C0355,P062,4.0,UPI,Delivered,2068.98,1188.23,8275.92,0.0,8275.92,4752.92,3523.0
O00086,2026-01-01,C0424,P019,2.0,Net Banking,Refunded,3026.45,1410.62,6052.9,6052.9,0.0,2821.24,-2821.24
O00087,2026-05-10,C0142,P076,4.0,UPI,Refunded,7520.44,5735.15,30081.76,30081.76,0.0,22940.6,-22940.6
O00088,2026-08-30,C0291,P080,2.0,UPI,Delivered,9457.18,5733.69,18914.36,0.0,18914.36,11467.38,7446.98
O00089,2025-06-15,C0432,P043,3.0,UPI,Delivered,962.98,655.47,2888.94,0.0,2888.94,1966.41,922.53
O00090,2026-06-28,C0237,P074,2.0,Net Banking,Delivered,4125.43,2092.99,8250.86,0.0,8250.86,4185.98,4064.88
O00091,2025-01-11,C0340,P020,1.0,Card,Delivered,5944.27,3719.68,5944.27,0.0,5944.27,3719.68,2224.59
O00092,2025-10-28,C0312,P068,4.0,Cash on Delivery,Delivered,12071.31,7153.93,48285.24,0.0,48285.24,28615.72,19669.52
O00093,2025-04-12,C0177,P044,2.0,Card,Refunded,1909.17,978.34,3818.34,3818.34,0.0,1956.68,-1956.68
O00094,2026-03-01,C0141,P023,4.0,UPI,Delivered,439.44,327.46,1757.76,0.0,1757.76,1309.84,447.92
O00095,2026-01-27,C0189,P002,3.0,Net Banking,Refunded,7371.61,3402.04,22114.83,22114.83,0.0,10206.12,-10206.12
O00096,2025-08-02,C0049,P022,3.0,Card,Delivered,1329.44,646.27,3988.32,0.0,3988.32,1938.81,2049.51
O00097,2025-03-29,C0302,P057,1.0,UPI,Delivered,1255.3,644.89,1255.3,0.0,1255.3,644.89,610.41
O00098,2026-07-07,C0369,P072,3.0,Cash on Delivery,Delivered,9079.93,6344.33,27239.79,0.0,27239.79,19032.99,8206.8
O00099,2026-02-05,C0190,P007,2.0,Cash on Delivery,Delivered,8714.69,4706.6,17429.38,0.0,17429.38,9413.2,8016.18
O00100,2026-08-11,C0136,P078,3.0,Cash on Delivery,Delivered,13492.31,9504.32,40476.93,0.0,40476.93,28512.96,11963.97
O00101,2025-02-15,C0043,P056,1.0,UPI,Delivered,11227.29,6010.72,11227.29,0.0,11227.29,6010.72,5216.57
O00102,2026-04-08,C0404,P067,4.0,Net Banking,Delivered,12445.22,5676.03,49780.88,0.0,49780.88,22704.12,27076.76
O00103,2026-08-15,C0380,P016,4.0,Card,Delivered,7090.56,3781.92,28362.24,0.0,28362.24,15127.68,13234.56
O00104,2025-11-06,C0353,P051,3.0,Cash on Delivery,Delivered,14740.26,7745.22,44220.78,0.0,44220.78,23235.66,20985.12
O00105,2025-03-27,C0090,P080,2.0,UPI,Delivered,9457.18,5733.69,18914.36,0.0,18914.36,11467.38,7446.98
O00106,2025-04-02,C0295,P072,1.0,UPI,Delivered,9079.93,6344.33,9079.93,0.0,9079.93,6344.33,2735.6
O00107,2025-08-30,C0341,P012,2.0,Card,Delivered,7946.47,4438.79,15892.94,0.0,15892.94,8877.58,7015.36
O00108,2025-01-02,C0245,P053,1.0,Cash on Delivery,Refunded,9131.74,4112.66,9131.74,9131.74,0.0,4112.66,-4112.66
O00109,2025-08-13,C0433,P075,3.0,UPI,Delivered,7874.14,5546.4,23622.42,0.0,23622.42,16639.2,6983.22
O00110,2026-08-12,C0192,P005,1.0,Card,Delivered,6783.17,4076.36,6783.17,0.0,6783.17,4076.36,2706.81
O00111,2025-04-26,C0318,P027,1.0,Net Banking,Delivered,7352.79,4560.98,7352.79,0.0,7352.79,4560.98,2791.81
O00112,2025-04-13,C0106,P012,3.0,Net Banking,Delivered,7946.47,4438.79,23839.41,0.0,23839.41,13316.37,10523.04
O00113,2025-07-13,C0363,P017,2.0,Net Banking,Delivered,14858.02,6711.03,29716.04,0.0,29716.04,13422.06,16293.98
O00114,2025-06-15,C0310,P006,3.0,Cash on Delivery,Delivered,6245.94,3616.94,18737.82,0.0,18737.82,10850.82,7887.0
O00115,2025-03-31,C0382,P005,1.0,Card,Delivered,6783.17,4076.36,6783.17,0.0,6783.17,4076.36,2706.81
O00116,2025-05-02,C0233,P057,3.0,Card,Delivered,1255.3,644.89,3765.9,0.0,3765.9,1934.67,1831.23
O00117,2025-05-23,C0265,P028,1.0,UPI,Delivered,8837.13,6620.33,8837.13,0.0,8837.13,6620.33,2216.8
O00118,2025-04-16,C0344,P078,3.0,UPI,Cancelled,13492.31,9504.32,40476.93,0.0,40476.93,28512.96,11963.97
O00119,2026-03-04,C0037,P069,4.0,UPI,Refunded,9557.74,6950.77,38230.96,38230.96,0.0,27803.08,-27803.08
O00120,2025-11-01,C0305,P059,4.0,Card,Delivered,12616.04,7036.26,50464.16,0.0,50464.16,28145.04,22319.12
O00121,2025-11-13,C0041,P033,3.0,UPI,Delivered,7981.03,5524.39,23943.09,0.0,23943.09,16573.17,7369.92
O00122,2025-01-09,C0017,P062,2.0,Card,Delivered,2068.98,1188.23,4137.96,0.0,4137.96,2376.46,1761.5
O00123,2025-03-14,C0344,P050,1.0,Card,Delivered,8951.75,6450.47,8951.75,0.0,8951.75,6450.47,2501.28
O00124,2025-12-25,C0277,P019,4.0,Net Banking,Delivered,3026.45,1410.62,12105.8,0.0,12105.8,5642.48,6463.32
O00125,2025-08-11,C0307,P069,2.0,UPI,Delivered,9557.74,6950.77,19115.48,0.0,19115.48,13901.54,5213.94
O00126,2026-02-20,C0059,P066,1.0,Net Banking,Refunded,14371.87,7811.16,14371.87,14371.87,0.0,7811.16,-7811.16
O00127,2026-07-07,C0423,P047,4.0,Cash on Delivery,Cancelled,14359.31,8667.35,57437.24,0.0,57437.24,34669.4,22767.84
O00128,2026-01-05,C0183,P039,4.0,Cash on Delivery,Delivered,10818.63,6060.84,43274.52,0.0,43274.52,24243.36,19031.16
O00129,2025-09-21,C0041,P068,3.0,Cash on Delivery,Delivered,12071.31,7153.93,36213.93,0.0,36213.93,21461.79,14752.14
O00130,2025-11-14,C0039,P033,1.0,Card,Delivered,7981.03,5524.39,7981.03,0.0,7981.03,5524.39,2456.64
O00131,2025-03-25,C0397,P013,2.0,Card,Delivered,6574.21,4979.47,13148.42,0.0,13148.42,9958.94,3189.48
O00132,2025-11-14,C0192,P054,2.0,Card,Delivered,13584.74,8606.48,27169.48,0.0,27169.48,17212.96,9956.52
O00133,2025-04-21,C0267,P007,2.0,UPI,Delivered,8714.69,4706.6,17429.38,0.0,17429.38,9413.2,8016.18
O00134,2025-09-08,C0147,P079,1.0,Net Banking,Delivered,7111.7,4863.19,7111.7,0.0,7111.7,4863.19,2248.51
O00135,2026-01-18,C0395,P014,2.0,Card,Delivered,13186.98,9133.57,26373.96,0.0,26373.96,18267.14,8106.82
O00136,2025-01-07,C0333,P019,2.0,Net Banking,Delivered,3026.45,1410.62,6052.9,0.0,6052.9,2821.24,3231.66
O00137,2026-04-04,C0127,P054,2.0,Net Banking,Delivered,13584.74,8606.48,27169.48,0.0,27169.48,17212.96,9956.52
O00138,2025-03-25,C0046,P020,3.0,Net Banking,Delivered,5944.27,3719.68,17832.81,0.0,17832.81,11159.04,6673.77
O00139,2025-07-27,C0045,P029,3.0,UPI,Delivered,4293.8,2741.74,12881.4,0.0,12881.4,8225.22,4656.18
O00140,2026-01-25,C0001,P024,1.0,UPI,Delivered,1074.45,835.05,1074.45,0.0,1074.45,835.05,239.4
O00141,2025-11-10,C0168,P063,1.0,Cash on Delivery,Delivered,990.1,448.51,990.1,0.0,990.1,448.51,541.59
O00142,2025-01-22,C0108,P074,2.0,Cash on Delivery,Delivered,4125.43,2092.99,8250.86,0.0,8250.86,4185.98,4064.88
O00143,2026-02-14,C0019,P057,3.0,Net Banking,Delivered,1255.3,644.89,3765.9,0.0,3765.9,1934.67,1831.23
O00144,2026-05-30,C0332,P008,4.0,Cash on Delivery,Cancelled,12118.46,7359.58,48473.84,0.0,48473.84,29438.32,19035.52
O00145,2025-05-07,C0072,P062,4.0,Net Banking,Delivered,2068.98,1188.23,8275.92,0.0,8275.92,4752.92,3523.0
O00146,2025-01-14,C0445,P029,2.0,UPI,Delivered,4293.8,2741.74,8587.6,0.0,8587.6,5483.48,3104.12
O00147,2025-01-12,C0109,P074,2.0,UPI,Delivered,4125.43,2092.99,8250.86,0.0,8250.86,4185.98,4064.88
O00148,2025-03-28,C0268,P017,3.0,UPI,Delivered,14858.02,6711.03,44574.06,0.0,44574.06,20133.09,24440.97
O00149,2026-06-08,C0445,P066,3.0,Card,Delivered,14371.87,7811.16,43115.61,0.0,43115.61,23433.48,19682.13
O00150,2026-06-21,C0240,P006,3.0,Net Banking,Refunded,6245.94,3616.94,18737.82,18737.82,0.0,10850.82,-10850.82
O00151,2025-10-28,C0417,P058,1.0,UPI,Cancelled,6203.23,2963.61,6203.23,0.0,6203.23,2963.61,3239.62
O00152,2025-08-31,C0301,P069,1.0,Net Banking,Delivered,9557.74,6950.77,9557.74,0.0,9557.74,6950.77,2606.97
O00153,2025-05-02,C0090,P028,2.0,Cash on Delivery,Delivered,8837.13,6620.33,17674.26,0.0,17674.26,13240.66,4433.6
O00154,2025-05-27,C0103,P062,1.0,Cash on Delivery,Delivered,2068.98,1188.23,2068.98,0.0,2068.98,1188.23,880.75
O00155,2026-07-21,C0250,P041,3.0,UPI,Delivered,4375.8,3312.17,13127.4,0.0,13127.4,9936.51,3190.89
O00156,2025-12-22,C0008,P069,3.0,Net Banking,Delivered,9557.74,6950.77,28673.22,0.0,28673.22,20852.31,7820.91
O00157,2025-11-05,C0153,P041,1.0,UPI,Delivered,4375.8,3312.17,4375.8,0.0,4375.8,3312.17,1063.63
O00158,2025-10-15,C0347,P049,4.0,Cash on Delivery,Delivered,4107.04,1855.14,16428.16,0.0,16428.16,7420.56,9007.6
O00159,2025-11-03,C0174,P049,2.0,UPI,Delivered,4107.04,1855.14,8214.08,0.0,8214.08,3710.28,4503.8
O00160,2026-08-17,C0343,P076,4.0,Net Banking,Delivered,7520.44,5735.15,30081.76,0.0,30081.76,22940.6,7141.16
O00161,2026-07-03,C0158,P071,2.0,Cash on Delivery,Refunded,7918.43,4032.33,15836.86,15836.86,0.0,8064.66,-8064.66
O00162,2025-12-18,C0431,P003,4.0,Card,Delivered,13309.48,9919.88,53237.92,0.0,53237.92,39679.52,13558.4
O00163,2025-11-08,C0215,P010,1.0,Cash on Delivery,Delivered,10026.33,7331.49,10026.33,0.0,10026.33,7331.49,2694.84
O00164,2025-02-28,C0177,P035,2.0,Card,Delivered,349.19,257.18,698.38,0.0,698.38,514.36,184.02
O00165,2025-02-04,C0175,P080,2.0,UPI,Delivered,9457.18,5733.69,18914.36,0.0,18914.36,11467.38,7446.98
O00166,2026-03-21,C0340,P002,2.0,UPI,Delivered,7371.61,3402.04,14743.22,0.0,14743.22,6804.08,7939.14
O00167,2025-04-03,C0338,P024,3.0,Net Banking,Delivered,1074.45,835.05,3223.35,0.0,3223.35,2505.15,718.2
O00168,2025-07-26,C0146,P074,3.0,Card,Delivered,4125.43,2092.99,12376.29,0.0,12376.29,6278.97,6097.32
O00169,2025-12-19,C0450,P038,4.0,UPI,Delivered,12836.48,6455.88,51345.92,0.0,51345.92,25823.52,25522.4
O00170,2025-11-28,C0324,P022,1.0,Card,Delivered,1329.44,646.27,1329.44,0.0,1329.44,646.27,683.17
O00171,2025-06-08,C0161,P026,3.0,UPI,Delivered,852.67,632.13,2558.01,0.0,2558.01,1896.39,661.62
O00172,2025-01-24,C0127,P043,2.0,Cash on Delivery,Delivered,962.98,655.47,1925.96,0.0,1925.96,1310.94,615.02
O00173,2026-02-08,C0420,P055,3.0,UPI,Delivered,14841.02,10384.11,44523.06,0.0,44523.06,31152.33,13370.73
O00174,2026-05-31,C0082,P039,1.0,Net Banking,Refunded,10818.63,6060.84,10818.63,10818.63,0.0,6060.84,-6060.84
O00175,2025-12-30,C0147,P029,3.0,Cash on Delivery,Delivered,4293.8,2741.74,12881.4,0.0,12881.4,8225.22,4656.18
O00176,2026-01-17,C0239,P020,2.0,Net Banking,Delivered,5944.27,3719.68,11888.54,0.0,11888.54,7439.36,4449.18
O00177,2026-06-16,C0412,P041,4.0,Cash on Delivery,Delivered,4375.8,3312.17,17503.2,0.0,17503.2,13248.68,4254.52
O00178,2025-06-01,C0424,P054,2.0,Card,Delivered,13584.74,8606.48,27169.48,0.0,27169.48,17212.96,9956.52
O00179,2026-07-16,C0084,P020,1.0,Net Banking,Cancelled,5944.27,3719.68,5944.27,0.0,5944.27,3719.68,2224.59
O00180,2026-08-31,C0113,P019,4.0,UPI,Refunded,3026.45,1410.62,12105.8,12105.8,0.0,5642.48,-5642.48
O00181,2026-02-24,C0225,P066,3.0,Card,Delivered,14371.87,7811.16,43115.61,0.0,43115.61,23433.48,19682.13
O00182,2025-09-07,C0332,P030,3.0,UPI,Delivered,6154.82,4114.48,18464.46,0.0,18464.46,12343.44,6121.02
O00183,2025-04-27,C0378,P053,3.0,Cash on Delivery,Delivered,9131.74,4112.66,27395.22,0.0,27395.22,12337.98,15057.24
O00184,2026-05-27,C0243,P034,4.0,Cash on Delivery,Delivered,11064.4,6882.23,44257.6,0.0,44257.6,27528.92,16728.68
O00185,2026-08-01,C0143,P022,2.0,UPI,Cancelled,1329.44,646.27,2658.88,0.0,2658.88,1292.54,1366.34
O00186,2025-12-01,C0041,P067,4.0,UPI,Delivered,12445.22,5676.03,49780.88,0.0,49780.88,22704.12,27076.76
O00187,2026-02-22,C0423,P006,4.0,Card,Delivered,6245.94,3616.94,24983.76,0.0,24983.76,14467.76,10516.0
O00188,2025-10-22,C0258,P079,1.0,UPI,Delivered,7111.7,4863.19,7111.7,0.0,7111.7,4863.19,2248.51
O00189,2026-01-06,C0447,P027,4.0,Net Banking,Delivered,7352.79,4560.98,29411.16,0.0,29411.16,18243.92,11167.24
O00190,2025-07-05,C0285,P010,3.0,Net Banking,Delivered,10026.33,7331.49,30078.99,0.0,30078.99,21994.47,8084.52
O00191,2025-09-03,C0105,P073,2.0,UPI,Delivered,8017.96,5695.21,16035.92,0.0,16035.92,11390.42,4645.5
O00192,2025-09-25,C0202,P048,2.0,Net Banking,Delivered,12030.44,8903.65,24060.88,0.0,24060.88,17807.3,6253.58
O00193,2025-08-25,C0450,P070,2.0,UPI,Delivered,3479.96,2016.32,6959.92,0.0,6959.92,4032.64,2927.28
O00194,2026-06-14,C0307,P059,3.0,Card,Delivered,12616.04,7036.26,37848.12,0.0,37848.12,21108.78,16739.34
O00195,2026-07-06,C0331,P059,3.0,Net Banking,Delivered,12616.04,7036.26,37848.12,0.0,37848.12,21108.78,16739.34
O00196,2025-01-21,C0266,P002,3.0,Net Banking,Delivered,7371.61,3402.04,22114.83,0.0,22114.83,10206.12,11908.71
O00197,2026-06-04,C0398,P029,3.0,UPI,Delivered,4293.8,2741.74,12881.4,0.0,12881.4,8225.22,4656.18
O00198,2025-04-10,C0210,P068,3.0,Net Banking,Delivered,12071.31,7153.93,36213.93,0.0,36213.93,21461.79,14752.14
O00199,2026-04-23,C0051,P065,4.0,Cash on Delivery,Refunded,839.96,413.59,3359.84,3359.84,0.0,1654.36,-1654.36
O00200,2026-08-22,C0118,P026,3.0,Card,Delivered,852.67,632.13,2558.01,0.0,2558.01,1896.39,661.62
O00201,2025-10-25,C0201,P010,3.0,Card,Delivered,10026.33,7331.49,30078.99,0.0,30078.99,21994.47,8084.52
O00202,2026-06-10,C0377,P053,3.0,Net Banking,Delivered,9131.74,4112.66,27395.22,0.0,27395.22,12337.98,15057.24
O00203,2025-11-30,C0039,P079,3.0,Net Banking,Delivered,7111.7,4863.19,21335.1,0.0,21335.1,14589.57,6745.53
O00204,2025-01-02,C0028,P059,2.0,Cash on Delivery,Delivered,12616.04,7036.26,25232.08,0.0,25232.08,14072.52,11159.56
O00205,2026-01-10,C0259,P022,3.0,Cash on Delivery,Delivered,1329.44,646.27,3988.32,0.0,3988.32,1938.81,2049.51
O00206,2025-10-20,C0084,P051,4.0,Net Banking,Delivered,14740.26,7745.22,58961.04,0.0,58961.04,30980.88,27980.16
O00207,2026-07-07,C0155,P048,4.0,Net Banking,Delivered,12030.44,8903.65,48121.76,0.0,48121.76,35614.6,12507.16
O00208,2025-11-14,C0117,P021,4.0,Cash on Delivery,Delivered,14009.07,10751.96,56036.28,0.0,56036.28,43007.84,13028.44
O00209,2026-05-17,C0002,P022,1.0,UPI,Delivered,1329.44,646.27,1329.44,0.0,1329.44,646.27,683.17
O00210,2026-01-16,C0093,P030,2.0,Cash on Delivery,Delivered,6154.82,4114.48,12309.64,0.0,12309.64,8228.96,4080.68
O00211,2025-01-14,C0166,P025,3.0,UPI,Delivered,1601.59,753.23,4804.77,0.0,4804.77,2259.69,2545.08
O00212,2026-05-19,C0387,P028,1.0,Card,Delivered,8837.13,6620.33,8837.13,0.0,8837.13,6620.33,2216.8
O00213,2025-08-19,C0400,P065,3.0,Card,Delivered,839.96,413.59,2519.88,0.0,2519.88,1240.77,1279.11
O00214,2025-03-25,C0350,P045,1.0,Cash on Delivery,Delivered,6056.96,4487.85,6056.96,0.0,6056.96,4487.85,1569.11
O00215,2025-05-10,C0296,P068,1.0,UPI,Refunded,12071.31,7153.93,12071.31,12071.31,0.0,7153.93,-7153.93
O00216,2025-05-25,C0258,P007,4.0,Cash on Delivery,Delivered,8714.69,4706.6,34858.76,0.0,34858.76,18826.4,16032.36
O00217,2025-01-28,C0081,P049,4.0,Cash on Delivery,Delivered,4107.04,1855.14,16428.16,0.0,16428.16,7420.56,9007.6
O00218,2025-03-07,C0425,P009,1.0,UPI,Delivered,8214.5,3816.82,8214.5,0.0,8214.5,3816.82,4397.68
O00219,2025-06-12,C0268,P036,4.0,Cash on Delivery,Delivered,7169.47,3806.59,28677.88,0.0,28677.88,15226.36,13451.52
O00220,2025-08-17,C0419,P001,1.0,Card,Delivered,8541.95,5952.01,8541.95,0.0,8541.95,5952.01,2589.94
O00221,2025-09-18,C0235,P010,2.0,Net Banking,Delivered,10026.33,7331.49,20052.66,0.0,20052.66,14662.98,5389.68
O00222,2026-03-25,C0321,P036,4.0,Net Banking,Delivered,7169.47,3806.59,28677.88,0.0,28677.88,15226.36,13451.52
O00223,2026-02-28,C0311,P073,4.0,Cash on Delivery,Refunded,8017.96,5695.21,32071.84,32071.84,0.0,22780.84,-22780.84
O00224,2026-04-05,C0301,P046,4.0,UPI,Delivered,2129.23,1633.62,8516.92,0.0,8516.92,6534.48,1982.44
O00225,2025-10-28,C0357,P032,2.0,UPI,Delivered,5244.65,3856.3,10489.3,0.0,10489.3,7712.6,2776.7
O00226,2025-10-30,C0213,P032,1.0,Card,Delivered,5244.65,3856.3,5244.65,0.0,5244.65,3856.3,1388.35
O00227,2025-10-14,C0062,P006,3.0,UPI,Delivered,6245.94,3616.94,18737.82,0.0,18737.82,10850.82,7887.0
O00228,2026-01-30,C0049,P048,4.0,UPI,Delivered,12030.44,8903.65,48121.76,0.0,48121.76,35614.6,12507.16
O00229,2025-01-10,C0127,P038,1.0,Card,Delivered,12836.48,6455.88,12836.48,0.0,12836.48,6455.88,6380.6
O00230,2025-09-27,C0223,P017,2.0,Cash on Delivery,Delivered,14858.02,6711.03,29716.04,0.0,29716.04,13422.06,16293.98
O00231,2026-08-15,C0409,P074,3.0,Net Banking,Refunded,4125.43,2092.99,12376.29,12376.29,0.0,6278.97,-6278.97
O00232,2026-08-28,C0279,P027,4.0,Card,Delivered,7352.79,4560.98,29411.16,0.0,29411.16,18243.92,11167.24
O00233,2025-12-27,C0408,P054,2.0,Cash on Delivery,Delivered,13584.74,8606.48,27169.48,0.0,27169.48,17212.96,9956.52
O00234,2025-09-14,C0294,P050,2.0,Card,Cancelled,8951.75,6450.47,17903.5,0.0,17903.5,12900.94,5002.56
O00235,2025-05-13,C0284,P035,3.0,Cash on Delivery,Delivered,349.19,257.18,1047.57,0.0,1047.57,771.54,276.03
O00236,2025-10-03,C0277,P025,1.0,Card,Delivered,1601.59,753.23,1601.59,0.0,1601.59,753.23,848.36
O00237,2026-05-28,C0438,P028,4.0,Cash on Delivery,Refunded,8837.13,6620.33,35348.52,35348.52,0.0,26481.32,-26481.32
O00238,2025-11-09,C0107,P015,4.0,Card,Delivered,6437.34,3494.57,25749.36,0.0,25749.36,13978.28,11771.08
O00239,2026-07-30,C0146,P004,1.0,Cash on Delivery,Refunded,8094.9,5940.38,8094.9,8094.9,0.0,5940.38,-5940.38
O00240,2025-10-11,C0420,P073,1.0,Card,Delivered,8017.96,5695.21,8017.96,0.0,8017.96,5695.21,2322.75
O00241,2025-05-01,C0099,P027,1.0,Net Banking,Delivered,7352.79,4560.98,7352.79,0.0,7352.79,4560.98,2791.81
O00242,2025-04-17,C0429,P026,3.0,Net Banking,Cancelled,852.67,632.13,2558.01,0.0,2558.01,1896.39,661.62
O00243,2025-07-23,C0375,P019,3.0,UPI,Delivered,3026.45,1410.62,9079.35,0.0,9079.35,4231.86,4847.49
O00244,2025-06-14,C0073,P017,4.0,Cash on Delivery,Delivered,14858.02,6711.03,59432.08,0.0,59432.08,26844.12,32587.96
O00245,2025-11-01,C0437,P043,3.0,Card,Delivered,962.98,655.47,2888.94,0.0,2888.94,1966.41,922.53
O00246,2026-05-12,C0122,P041,2.0,Cash on Delivery,Refunded,4375.8,3312.17,8751.6,8751.6,0.0,6624.34,-6624.34
O00247,2026-07-10,C0030,P042,4.0,Net Banking,Delivered,13681.98,6634.74,54727.92,0.0,54727.92,26538.96,28188.96
O00248,2025-06-05,C0188,P050,3.0,Cash on Delivery,Delivered,8951.75,6450.47,26855.25,0.0,26855.25,19351.41,7503.84
O00249,2026-01-02,C0364,P040,1.0,Card,Delivered,8959.9,4737.71,8959.9,0.0,8959.9,4737.71,4222.19
O00250,2025-09-08,C0354,P039,2.0,Cash on Delivery,Delivered,10818.63,6060.84,21637.26,0.0,21637.26,12121.68,9515.58
O00251,2025-11-30,C0288,P023,1.0,Card,Delivered,439.44,327.46,439.44,0.0,439.44,327.46,111.98
O00252,2026-05-26,C0195,P052,4.0,Net Banking,Delivered,13297.72,9971.58,53190.88,0.0,53190.88,39886.32,13304.56
O00253,2025-10-20,C0156,P047,1.0,Net Banking,Delivered,14359.31,8667.35,14359.31,0.0,14359.31,8667.35,5691.96
O00254,2025-01-20,C0172,P063,3.0,Net Banking,Delivered,990.1,448.51,2970.3,0.0,2970.3,1345.53,1624.77
O00255,2025-10-09,C0335,P069,3.0,UPI,Delivered,9557.74,6950.77,28673.22,0.0,28673.22,20852.31,7820.91
O00256,2025-01-01,C0041,P043,4.0,Net Banking,Delivered,962.98,655.47,3851.92,0.0,3851.92,2621.88,1230.04
O00257,2025-04-29,C0063,P048,1.0,Cash on Delivery,Delivered,12030.44,8903.65,12030.44,0.0,12030.44,8903.65,3126.79
O00258,2025-02-04,C0023,P034,4.0,UPI,Cancelled,11064.4,6882.23,44257.6,0.0,44257.6,27528.92,16728.68
O00259,2025-07-17,C0360,P040,1.0,Net Banking,Delivered,8959.9,4737.71,8959.9,0.0,8959.9,4737.71,4222.19
O00260,2026-04-30,C0075,P075,2.0,Cash on Delivery,Delivered,7874.14,5546.4,15748.28,0.0,15748.28,11092.8,4655.48
O00261,2025-02-28,C0048,P061,3.0,Cash on Delivery,Delivered,12510.45,6107.96,37531.35,0.0,37531.35,18323.88,19207.47
O00262,2025-06-10,C0160,P050,4.0,Cash on Delivery,Delivered,8951.75,6450.47,35807.0,0.0,35807.0,25801.88,10005.12
O00263,2025-07-25,C0313,P067,2.0,Card,Delivered,12445.22,5676.03,24890.44,0.0,24890.44,11352.06,13538.38
O00264,2025-01-12,C0118,P062,2.0,UPI,Delivered,2068.98,1188.23,4137.96,0.0,4137.96,2376.46,1761.5
O00265,2026-05-05,C0100,P058,4.0,Cash on Delivery,Delivered,6203.23,2963.61,24812.92,0.0,24812.92,11854.44,12958.48
O00266,2025-10-03,C0380,P033,4.0,Card,Refunded,7981.03,5524.39,31924.12,31924.12,0.0,22097.56,-22097.56
O00267,2025-08-30,C0417,P075,2.0,Net Banking,Delivered,7874.14,5546.4,15748.28,0.0,15748.28,11092.8,4655.48
O00268,2025-08-04,C0408,P016,1.0,Cash on Delivery,Delivered,7090.56,3781.92,7090.56,0.0,7090.56,3781.92,3308.64
O00269,2025-09-08,C0167,P048,2.0,Card,Delivered,12030.44,8903.65,24060.88,0.0,24060.88,17807.3,6253.58
O00270,2025-05-06,C0290,P010,4.0,Cash on Delivery,Refunded,10026.33,7331.49,40105.32,40105.32,0.0,29325.96,-29325.96
O00271,2025-08-05,C0440,P038,2.0,UPI,Delivered,12836.48,6455.88,25672.96,0.0,25672.96,12911.76,12761.2
O00272,2025-11-02,C0156,P019,1.0,UPI,Delivered,3026.45,1410.62,3026.45,0.0,3026.45,1410.62,1615.83
O00273,2025-07-04,C0421,P036,3.0,Net Banking,Delivered,7169.47,3806.59,21508.41,0.0,21508.41,11419.77,10088.64
O00274,2025-02-08,C0007,P059,3.0,Cash on Delivery,Delivered,12616.04,7036.26,37848.12,0.0,37848.12,21108.78,16739.34
O00275,2025-08-11,C0196,P063,2.0,Card,Delivered,990.1,448.51,1980.2,0.0,1980.2,897.02,1083.18
O00276,2025-07-03,C0421,P077,1.0,Net Banking,Delivered,14946.14,7546.37,14946.14,0.0,14946.14,7546.37,7399.77
O00277,2026-05-10,C0056,P046,3.0,Cash on Delivery,Cancelled,2129.23,1633.62,6387.69,0.0,6387.69,4900.86,1486.83
O00278,2026-03-03,C0321,P003,2.0,Net Banking,Refunded,13309.48,9919.88,26618.96,26618.96,0.0,19839.76,-19839.76
O00279,2025-06-27,C0193,P074,2.0,Card,Delivered,4125.43,2092.99,8250.86,0.0,8250.86,4185.98,4064.88
O00280,2026-03-04,C0047,P065,1.0,Net Banking,Cancelled,839.96,413.59,839.96,0.0,839.96,413.59,426.37
O00281,2025-10-21,C0148,P008,4.0,Net Banking,Delivered,12118.46,7359.58,48473.84,0.0,48473.84,29438.32,19035.52
O00282,2025-05-31,C0275,P051,2.0,Net Banking,Delivered,14740.26,7745.22,29480.52,0.0,29480.52,15490.44,13990.08
O00283,2026-01-19,C0157,P073,4.0,Cash on Delivery,Delivered,8017.96,5695.21,32071.84,0.0,32071.84,22780.84,9291.0
O00284,2025-11-04,C0202,P006,4.0,Card,Delivered,6245.94,3616.94,24983.76,0.0,24983.76,14467.76,10516.0
O00285,2025-12-02,C0444,P039,3.0,UPI,Delivered,10818.63,6060.84,32455.89,0.0,32455.89,18182.52,14273.37
O00286,2026-01-10,C0402,P060,4.0,Cash on Delivery,Delivered,3689.37,2341.82,14757.48,0.0,14757.48,9367.28,5390.2
O00287,2025-01-08,C0419,P028,1.0,UPI,Delivered,8837.13,6620.33,8837.13,0.0,8837.13,6620.33,2216.8
O00288,2025-12-07,C0427,P054,3.0,UPI,Delivered,13584.74,8606.48,40754.22,0.0,40754.22,25819.44,14934.78
O00289,2025-05-09,C0126,P037,3.0,Cash on Delivery,Delivered,4665.94,2341.94,13997.82,0.0,13997.82,7025.82,6972.0
O00290,2025-12-18,C0395,P009,3.0,Cash on Delivery,Delivered,8214.5,3816.82,24643.5,0.0,24643.5,11450.46,13193.04
O00291,2025-12-24,C0305,P056,2.0,Card,Delivered,11227.29,6010.72,22454.58,0.0,22454.58,12021.44,10433.14
O00292,2026-06-01,C0369,P059,2.0,Card,Delivered,12616.04,7036.26,25232.08,0.0,25232.08,14072.52,11159.56
O00293,2026-05-10,C0294,P002,4.0,Net Banking,Delivered,7371.61,3402.04,29486.44,0.0,29486.44,13608.16,15878.28
O00294,2025-03-27,C0064,P061,3.0,UPI,Delivered,12510.45,6107.96,37531.35,0.0,37531.35,18323.88,19207.47
O00295,2025-06-24,C0325,P058,3.0,Card,Delivered,6203.23,2963.61,18609.69,0.0,18609.69,8890.83,9718.86
O00296,2025-07-12,C0392,P060,1.0,Net Banking,Cancelled,3689.37,2341.82,3689.37,0.0,3689.37,2341.82,1347.55
O00297,2025-11-07,C0418,P040,4.0,Card,Delivered,8959.9,4737.71,35839.6,0.0,35839.6,18950.84,16888.76
O00298,2025-04-29,C0176,P036,1.0,Cash on Delivery,Delivered,7169.47,3806.59,7169.47,0.0,7169.47,3806.59,3362.88
O00299,2025-08-06,C0116,P037,4.0,Card,Delivered,4665.94,2341.94,18663.76,0.0,18663.76,9367.76,9296.0
O00300,2026-03-03,C0440,P079,4.0,UPI,Delivered,7111.7,4863.19,28446.8,0.0,28446.8,19452.76,8994.04
O00301,2026-02-18,C0204,P018,2.0,Card,Delivered,303.49,206.25,606.98,0.0,606.98,412.5,194.48
O00302,2025-04-24,C0321,P063,2.0,UPI,Delivered,990.1,448.51,1980.2,0.0,1980.2,897.02,1083.18
O00303,2025-05-25,C0031,P022,1.0,Cash on Delivery,Delivered,1329.44,646.27,1329.44,0.0,1329.44,646.27,683.17
O00304,2026-06-22,C0388,P011,4.0,UPI,Delivered,11146.48,5146.21,44585.92,0.0,44585.92,20584.84,24001.08
O00305,2025-10-30,C0113,P058,3.0,Card,Delivered,6203.23,2963.61,18609.69,0.0,18609.69,8890.83,9718.86
O00306,2026-08-11,C0365,P057,2.0,Net Banking,Delivered,1255.3,644.89,2510.6,0.0,2510.6,1289.78,1220.82
O00307,2025-12-11,C0434,P077,3.0,Cash on Delivery,Delivered,14946.14,7546.37,44838.42,0.0,44838.42,22639.11,22199.31
O00308,2025-01-01,C0325,P004,1.0,Card,Delivered,8094.9,5940.38,8094.9,0.0,8094.9,5940.38,2154.52
O00309,2025-05-27,C0414,P007,2.0,Cash on Delivery,Delivered,8714.69,4706.6,17429.38,0.0,17429.38,9413.2,8016.18
O00310,2025-10-14,C0376,P061,2.0,Cash on Delivery,Delivered,12510.45,6107.96,25020.9,0.0,25020.9,12215.92,12804.98
O00311,2025-02-22,C0344,P054,4.0,Card,Delivered,13584.74,8606.48,54338.96,0.0,54338.96,34425.92,19913.04
O00312,2025-10-31,C0443,P068,1.0,Card,Delivered,12071.31,7153.93,12071.31,0.0,12071.31,7153.93,4917.38
O00313,2025-03-10,C0067,P079,4.0,Net Banking,Delivered,7111.7,4863.19,28446.8,0.0,28446.8,19452.76,8994.04
O00314,2025-12-27,C0075,P001,2.0,Cash on Delivery,Delivered,8541.95,5952.01,17083.9,0.0,17083.9,11904.02,5179.88
O00315,2026-08-25,C0045,P055,1.0,Cash on Delivery,Delivered,14841.02,10384.11,14841.02,0.0,14841.02,10384.11,4456.91
O00316,2025-08-08,C0260,P003,2.0,Card,Cancelled,13309.48,9919.88,26618.96,0.0,26618.96,19839.76,6779.2
O00317,2026-07-29,C0154,P078,1.0,UPI,Delivered,13492.31,9504.32,13492.31,0.0,13492.31,9504.32,3987.99
O00318,2026-08-08,C0155,P038,2.0,Card,Delivered,12836.48,6455.88,25672.96,0.0,25672.96,12911.76,12761.2
O00319,2025-06-10,C0430,P001,3.0,Cash on Delivery,Cancelled,8541.95,5952.01,25625.85,0.0,25625.85,17856.03,7769.82
O00320,2025-03-30,C0363,P038,3.0,Card,Delivered,12836.48,6455.88,38509.44,0.0,38509.44,19367.64,19141.8
O00321,2026-08-08,C0448,P029,4.0,Net Banking,Delivered,4293.8,2741.74,17175.2,0.0,17175.2,10966.96,6208.24
O00322,2026-08-12,C0234,P005,3.0,UPI,Delivered,6783.17,4076.36,20349.51,0.0,20349.51,12229.08,8120.43
O00323,2025-06-08,C0051,P074,2.0,Card,Delivered,4125.43,2092.99,8250.86,0.0,8250.86,4185.98,4064.88
O00324,2026-05-04,C0306,P021,2.0,Net Banking,Delivered,14009.07,10751.96,28018.14,0.0,28018.14,21503.92,6514.22
O00325,2025-11-20,C0262,P071,3.0,Cash on Delivery,Delivered,7918.43,4032.33,23755.29,0.0,23755.29,12096.99,11658.3
O00326,2026-01-16,C0315,P067,4.0,Card,Delivered,12445.22,5676.03,49780.88,0.0,49780.88,22704.12,27076.76
O00327,2025-04-12,C0125,P047,3.0,Cash on Delivery,Delivered,14359.31,8667.35,43077.93,0.0,43077.93,26002.05,17075.88
O00328,2026-05-09,C0399,P035,1.0,Net Banking,Delivered,349.19,257.18,349.19,0.0,349.19,257.18,92.01
O00329,2025-01-19,C0245,P068,1.0,Cash on Delivery,Delivered,12071.31,7153.93,12071.31,0.0,12071.31,7153.93,4917.38
O00330,2026-03-30,C0030,P069,1.0,Net Banking,Delivered,9557.74,6950.77,9557.74,0.0,9557.74,6950.77,2606.97
O00331,2026-04-27,C0426,P001,3.0,Net Banking,Delivered,8541.95,5952.01,25625.85,0.0,25625.85,17856.03,7769.82
O00332,2026-08-17,C0122,P068,3.0,Net Banking,Delivered,12071.31,7153.93,36213.93,0.0,36213.93,21461.79,14752.14
O00333,2026-02-01,C0125,P012,3.0,Card,Cancelled,7946.47,4438.79,23839.41,0.0,23839.41,13316.37,10523.04
O00334,2025-10-06,C0037,P060,1.0,Cash on Delivery,Delivered,3689.37,2341.82,3689.37,0.0,3689.37,2341.82,1347.55
O00335,2025-12-31,C0170,P027,4.0,Cash on Delivery,Delivered,7352.79,4560.98,29411.16,0.0,29411.16,18243.92,11167.24
O00336,2025-11-27,C0124,P056,2.0,UPI,Delivered,11227.29,6010.72,22454.58,0.0,22454.58,12021.44,10433.14
O00337,2025-12-10,C0357,P023,3.0,UPI,Delivered,439.44,327.46,1318.32,0.0,1318.32,982.38,335.94
O00338,2026-03-31,C0035,P025,4.0,UPI,Delivered,1601.59,753.23,6406.36,0.0,6406.36,3012.92,3393.44
O00339,2026-08-24,C0087,P021,2.0,UPI,Delivered,14009.07,10751.96,28018.14,0.0,28018.14,21503.92,6514.22
O00340,2025-03-06,C0134,P061,2.0,Cash on Delivery,Delivered,12510.45,6107.96,25020.9,0.0,25020.9,12215.92,12804.98
O00341,2025-03-17,C0196,P063,2.0,Net Banking,Delivered,990.1,448.51,1980.2,0.0,1980.2,897.02,1083.18
O00342,2025-05-23,C0274,P052,4.0,Net Banking,Delivered,13297.72,9971.58,53190.88,0.0,53190.88,39886.32,13304.56
O00343,2026-08-28,C0201,P025,4.0,Card,Delivered,1601.59,753.23,6406.36,0.0,6406.36,3012.92,3393.44
O00344,2026-04-18,C0369,P055,1.0,Net Banking,Refunded,14841.02,10384.11,14841.02,14841.02,0.0,10384.11,-10384.11
O00345,2026-02-21,C0285,P046,4.0,Cash on Delivery,Delivered,2129.23,1633.62,8516.92,0.0,8516.92,6534.48,1982.44
O00346,2025-11-01,C0077,P032,4.0,Cash on Delivery,Delivered,5244.65,3856.3,20978.6,0.0,20978.6,15425.2,5553.4
O00347,2026-05-12,C0059,P055,4.0,Cash on Delivery,Delivered,14841.02,10384.11,59364.08,0.0,59364.08,41536.44,17827.64
O00348,2025-10-18,C0431,P005,2.0,Card,Delivered,6783.17,4076.36,13566.34,0.0,13566.34,8152.72,5413.62
O00349,2025-04-12,C0126,P036,3.0,UPI,Delivered,7169.47,3806.59,21508.41,0.0,21508.41,11419.77,10088.64
O00350,2025-09-24,C0401,P049,1.0,Net Banking,Delivered,4107.04,1855.14,4107.04,0.0,4107.04,1855.14,2251.9
O00351,2025-01-03,C0109,P058,3.0,Cash on Delivery,Delivered,6203.23,2963.61,18609.69,0.0,18609.69,8890.83,9718.86
O00352,2025-03-26,C0224,P039,3.0,Cash on Delivery,Delivered,10818.63,6060.84,32455.89,0.0,32455.89,18182.52,14273.37
O00353,2025-11-24,C0278,P080,4.0,UPI,Delivered,9457.18,5733.69,37828.72,0.0,37828.72,22934.76,14893.96
O00354,2026-03-26,C0068,P061,1.0,Cash on Delivery,Delivered,12510.45,6107.96,12510.45,0.0,12510.45,6107.96,6402.49
O00355,2026-03-30,C0069,P009,3.0,Net Banking,Delivered,8214.5,3816.82,24643.5,0.0,24643.5,11450.46,13193.04
O00356,2025-08-09,C0165,P006,3.0,Card,Delivered,6245.94,3616.94,18737.82,0.0,18737.82,10850.82,7887.0
O00357,2025-06-03,C0305,P035,1.0,Cash on Delivery,Delivered,349.19,257.18,349.19,0.0,349.19,257.18,92.01
O00358,2025-01-12,C0397,P039,4.0,Net Banking,Delivered,10818.63,6060.84,43274.52,0.0,43274.52,24243.36,19031.16
O00359,2025-05-13,C0162,P022,3.0,Cash on Delivery,Delivered,1329.44,646.27,3988.32,0.0,3988.32,1938.81,2049.51
O00360,2025-10-31,C0365,P041,2.0,UPI,Refunded,4375.8,3312.17,8751.6,8751.6,0.0,6624.34,-6624.34
O00361,2025-10-20,C0342,P005,3.0,Cash on Delivery,Delivered,6783.17,4076.36,20349.51,0.0,20349.51,12229.08,8120.43
O00362,2025-10-27,C0309,P042,2.0,Cash on Delivery,Delivered,13681.98,6634.74,27363.96,0.0,27363.96,13269.48,14094.48
O00363,2025-02-12,C0379,P076,4.0,Card,Delivered,7520.44,5735.15,30081.76,0.0,30081.76,22940.6,7141.16
O00364,2025-12-09,C0343,P080,3.0,UPI,Delivered,9457.18,5733.69,28371.54,0.0,28371.54,17201.07,11170.47
O00365,2025-11-22,C0435,P067,1.0,UPI,Delivered,12445.22,5676.03,12445.22,0.0,12445.22,5676.03,6769.19
O00366,2026-05-13,C0387,P030,1.0,Card,Delivered,6154.82,4114.48,6154.82,0.0,6154.82,4114.48,2040.34
O00367,2025-12-30,C0042,P057,3.0,Cash on Delivery,Refunded,1255.3,644.89,3765.9,3765.9,0.0,1934.67,-1934.67
O00368,2026-03-03,C0354,P073,4.0,Net Banking,Delivered,8017.96,5695.21,32071.84,0.0,32071.84,22780.84,9291.0
O00369,2025-01-21,C0416,P029,4.0,UPI,Delivered,4293.8,2741.74,17175.2,0.0,17175.2,10966.96,6208.24
O00370,2026-02-11,C0109,P037,1.0,UPI,Delivered,4665.94,2341.94,4665.94,0.0,4665.94,2341.94,2324.0
O00371,2025-12-02,C0051,P013,3.0,Cash on Delivery,Delivered,6574.21,4979.47,19722.63,0.0,19722.63,14938.41,4784.22
O00372,2025-04-27,C0250,P032,4.0,Cash on Delivery,Delivered,5244.65,3856.3,20978.6,0.0,20978.6,15425.2,5553.4
O00373,2025-05-04,C0341,P046,1.0,UPI,Delivered,2129.23,1633.62,2129.23,0.0,2129.23,1633.62,495.61
O00374,2026-02-03,C0430,P023,2.0,Cash on Delivery,Cancelled,439.44,327.46,878.88,0.0,878.88,654.92,223.96
O00375,2025-02-20,C0383,P045,3.0,Net Banking,Delivered,6056.96,4487.85,18170.88,0.0,18170.88,13463.55,4707.33
O00376,2025-11-20,C0021,P017,2.0,UPI,Delivered,14858.02,6711.03,29716.04,0.0,29716.04,13422.06,16293.98
O00377,2025-05-21,C0300,P066,2.0,Net Banking,Delivered,14371.87,7811.16,28743.74,0.0,28743.74,15622.32,13121.42
O00378,2026-04-15,C0139,P006,4.0,Net Banking,Delivered,6245.94,3616.94,24983.76,0.0,24983.76,14467.76,10516.0
O00379,2025-11-30,C0359,P018,4.0,Cash on Delivery,Delivered,303.49,206.25,1213.96,0.0,1213.96,825.0,388.96
O00380,2026-01-08,C0324,P022,4.0,Net Banking,Delivered,1329.44,646.27,5317.76,0.0,5317.76,2585.08,2732.68
O00381,2026-07-18,C0385,P033,3.0,Cash on Delivery,Delivered,7981.03,5524.39,23943.09,0.0,23943.09,16573.17,7369.92
O00382,2026-05-09,C0092,P030,2.0,Card,Delivered,6154.82,4114.48,12309.64,0.0,12309.64,8228.96,4080.68
O00383,2026-06-23,C0447,P032,3.0,Cash on Delivery,Cancelled,5244.65,3856.3,15733.95,0.0,15733.95,11568.9,4165.05
O00384,2025-06-05,C0280,P042,4.0,Net Banking,Cancelled,13681.98,6634.74,54727.92,0.0,54727.92,26538.96,28188.96
O00385,2025-10-18,C0125,P078,2.0,Card,Delivered,13492.31,9504.32,26984.62,0.0,26984.62,19008.64,7975.98
O00386,2025-05-24,C0397,P010,3.0,Cash on Delivery,Delivered,10026.33,7331.49,30078.99,0.0,30078.99,21994.47,8084.52
O00387,2025-04-16,C0111,P036,3.0,Net Banking,Delivered,7169.47,3806.59,21508.41,0.0,21508.41,11419.77,10088.64
O00388,2026-02-24,C0354,P034,1.0,UPI,Delivered,11064.4,6882.23,11064.4,0.0,11064.4,6882.23,4182.17
O00389,2025-01-02,C0139,P073,3.0,UPI,Delivered,8017.96,5695.21,24053.88,0.0,24053.88,17085.63,6968.25
O00390,2026-08-12,C0435,P028,4.0,Cash on Delivery,Delivered,8837.13,6620.33,35348.52,0.0,35348.52,26481.32,8867.2
O00391,2025-03-31,C0273,P011,3.0,Cash on Delivery,Delivered,11146.48,5146.21,33439.44,0.0,33439.44,15438.63,18000.81
O00392,2025-12-11,C0099,P078,2.0,UPI,Delivered,13492.31,9504.32,26984.62,0.0,26984.62,19008.64,7975.98
O00393,2025-12-16,C0252,P039,3.0,Net Banking,Delivered,10818.63,6060.84,32455.89,0.0,32455.89,18182.52,14273.37
O00394,2026-04-04,C0338,P047,1.0,Net Banking,Delivered,14359.31,8667.35,14359.31,0.0,14359.31,8667.35,5691.96
O00395,2025-09-20,C0104,P019,2.0,Net Banking,Delivered,3026.45,1410.62,6052.9,0.0,6052.9,2821.24,3231.66
O00396,2025-12-17,C0214,P015,2.0,Cash on Delivery,Delivered,6437.34,3494.57,12874.68,0.0,12874.68,6989.14,5885.54
O00397,2025-04-18,C0249,P028,1.0,Card,Delivered,8837.13,6620.33,8837.13,0.0,8837.13,6620.33,2216.8
O00398,2026-08-09,C0152,P024,4.0,Card,Delivered,1074.45,835.05,4297.8,0.0,4297.8,3340.2,957.6
O00399,2025-02-08,C0250,P072,2.0,Card,Refunded,9079.93,6344.33,18159.86,18159.86,0.0,12688.66,-12688.66
O00400,2025-06-08,C0275,P009,4.0,Card,Delivered,8214.5,3816.82,32858.0,0.0,32858.0,15267.28,17590.72
O00401,2026-08-06,C0165,P047,2.0,Card,Delivered,14359.31,8667.35,28718.62,0.0,28718.62,17334.7,11383.92
O00402,2025-11-08,C0341,P033,2.0,Cash on Delivery,Delivered,7981.03,5524.39,15962.06,0.0,15962.06,11048.78,4913.28
O00403,2025-08-29,C0008,P062,4.0,Cash on Delivery,Cancelled,2068.98,1188.23,8275.92,0.0,8275.92,4752.92,3523.0
O00404,2026-03-21,C0284,P019,2.0,Card,Delivered,3026.45,1410.62,6052.9,0.0,6052.9,2821.24,3231.66
O00405,2025-10-25,C0005,P067,4.0,Cash on Delivery,Delivered,12445.22,5676.03,49780.88,0.0,49780.88,22704.12,27076.76
O00406,2025-02-05,C0145,P074,1.0,Cash on Delivery,Cancelled,4125.43,2092.99,4125.43,0.0,4125.43,2092.99,2032.44
O00407,2025-03-25,C0101,P040,4.0,Card,Delivered,8959.9,4737.71,35839.6,0.0,35839.6,18950.84,16888.76
O00408,2026-03-28,C0164,P047,1.0,Net Banking,Refunded,14359.31,8667.35,14359.31,14359.31,0.0,8667.35,-8667.35
O00409,2026-01-20,C0374,P065,2.0,Cash on Delivery,Cancelled,839.96,413.59,1679.92,0.0,1679.92,827.18,852.74
O00410,2025-06-21,C0147,P029,4.0,Net Banking,Delivered,4293.8,2741.74,17175.2,0.0,17175.2,10966.96,6208.24
O00411,2026-01-11,C0064,P050,2.0,Cash on Delivery,Delivered,8951.75,6450.47,17903.5,0.0,17903.5,12900.94,5002.56
O00412,2025-12-28,C0091,P013,4.0,Cash on Delivery,Delivered,6574.21,4979.47,26296.84,0.0,26296.84,19917.88,6378.96
O00413,2026-07-13,C0117,P001,1.0,Card,Delivered,8541.95,5952.01,8541.95,0.0,8541.95,5952.01,2589.94
O00414,2025-05-21,C0354,P034,1.0,Cash on Delivery,Delivered,11064.4,6882.23,11064.4,0.0,11064.4,6882.23,4182.17
O00415,2025-04-28,C0267,P048,4.0,UPI,Delivered,12030.44,8903.65,48121.76,0.0,48121.76,35614.6,12507.16
O00416,2025-10-04,C0310,P077,1.0,UPI,Delivered,14946.14,7546.37,14946.14,0.0,14946.14,7546.37,7399.77
O00417,2025-08-08,C0173,P048,2.0,Card,Delivered,12030.44,8903.65,24060.88,0.0,24060.88,17807.3,6253.58
O00418,2025-01-26,C0047,P049,2.0,Net Banking,Delivered,4107.04,1855.14,8214.08,0.0,8214.08,3710.28,4503.8
O00419,2026-06-05,C0140,P064,3.0,Net Banking,Delivered,5946.13,4282.19,17838.39,0.0,17838.39,12846.57,4991.82
O00420,2025-01-10,C0246,P061,1.0,Net Banking,Delivered,12510.45,6107.96,12510.45,0.0,12510.45,6107.96,6402.49
O00421,2026-01-13,C0149,P029,2.0,UPI,Delivered,4293.8,2741.74,8587.6,0.0,8587.6,5483.48,3104.12
O00422,2026-08-07,C0246,P039,4.0,Net Banking,Delivered,10818.63,6060.84,43274.52,0.0,43274.52,24243.36,19031.16
O00423,2025-06-01,C0395,P026,1.0,Net Banking,Delivered,852.67,632.13,852.67,0.0,852.67,632.13,220.54
O00424,2025-02-18,C0005,P017,2.0,Card,Delivered,14858.02,6711.03,29716.04,0.0,29716.04,13422.06,16293.98
O00425,2025-06-03,C0184,P071,1.0,Net Banking,Delivered,7918.43,4032.33,7918.43,0.0,7918.43,4032.33,3886.1
O00426,2025-10-20,C0020,P013,4.0,UPI,Delivered,6574.21,4979.47,26296.84,0.0,26296.84,19917.88,6378.96
O00427,2026-08-03,C0425,P069,2.0,UPI,Delivered,9557.74,6950.77,19115.48,0.0,19115.48,13901.54,5213.94
O00428,2025-02-19,C0046,P026,3.0,UPI,Delivered,852.67,632.13,2558.01,0.0,2558.01,1896.39,661.62
O00429,2026-06-15,C0012,P049,3.0,Card,Delivered,4107.04,1855.14,12321.12,0.0,12321.12,5565.42,6755.7
O00430,2025-03-01,C0070,P067,1.0,Card,Cancelled,12445.22,5676.03,12445.22,0.0,12445.22,5676.03,6769.19
O00431,2025-06-16,C0017,P007,4.0,Cash on Delivery,Delivered,8714.69,4706.6,34858.76,0.0,34858.76,18826.4,16032.36
O00432,2025-07-21,C0371,P058,2.0,Net Banking,Delivered,6203.23,2963.61,12406.46,0.0,12406.46,5927.22,6479.24
O00433,2025-05-26,C0147,P049,4.0,Card,Delivered,4107.04,1855.14,16428.16,0.0,16428.16,7420.56,9007.6
O00434,2026-03-15,C0154,P053,2.0,UPI,Delivered,9131.74,4112.66,18263.48,0.0,18263.48,8225.32,10038.16
O00435,2025-08-30,C0304,P065,1.0,UPI,Delivered,839.96,413.59,839.96,0.0,839.96,413.59,426.37
O00436,2026-08-04,C0108,P062,2.0,Card,Delivered,2068.98,1188.23,4137.96,0.0,4137.96,2376.46,1761.5
O00437,2026-07-15,C0236,P017,4.0,Card,Delivered,14858.02,6711.03,59432.08,0.0,59432.08,26844.12,32587.96
O00438,2026-04-28,C0308,P043,4.0,Card,Delivered,962.98,655.47,3851.92,0.0,3851.92,2621.88,1230.04
O00439,2025-04-18,C0352,P025,1.0,Cash on Delivery,Delivered,1601.59,753.23,1601.59,0.0,1601.59,753.23,848.36
O00440,2025-08-14,C0070,P003,4.0,UPI,Delivered,13309.48,9919.88,53237.92,0.0,53237.92,39679.52,13558.4
O00441,2026-03-08,C0183,P079,2.0,Cash on Delivery,Delivered,7111.7,4863.19,14223.4,0.0,14223.4,9726.38,4497.02
O00442,2026-02-23,C0250,P029,1.0,Cash on Delivery,Cancelled,4293.8,2741.74,4293.8,0.0,4293.8,2741.74,1552.06
O00443,2026-03-31,C0228,P032,2.0,Net Banking,Delivered,5244.65,3856.3,10489.3,0.0,10489.3,7712.6,2776.7
O00444,2025-06-09,C0102,P026,4.0,UPI,Delivered,852.67,632.13,3410.68,0.0,3410.68,2528.52,882.16
O00445,2026-06-07,C0075,P016,1.0,UPI,Delivered,7090.56,3781.92,7090.56,0.0,7090.56,3781.92,3308.64
O00446,2026-08-13,C0417,P025,2.0,Card,Delivered,1601.59,753.23,3203.18,0.0,3203.18,1506.46,1696.72
O00447,2025-03-18,C0446,P054,4.0,Card,Delivered,13584.74,8606.48,54338.96,0.0,54338.96,34425.92,19913.04
O00448,2026-05-24,C0216,P028,4.0,Net Banking,Delivered,8837.13,6620.33,35348.52,0.0,35348.52,26481.32,8867.2
O00449,2026-03-17,C0407,P073,3.0,Cash on Delivery,Delivered,8017.96,5695.21,24053.88,0.0,24053.88,17085.63,6968.25
O00450,2025-09-11,C0399,P056,4.0,Card,Delivered,11227.29,6010.72,44909.16,0.0,44909.16,24042.88,20866.28
O00451,2025-11-16,C0411,P065,2.0,Card,Delivered,839.96,413.59,1679.92,0.0,1679.92,827.18,852.74
O00452,2025-09-20,C0203,P080,1.0,UPI,Delivered,9457.18,5733.69,9457.18,0.0,9457.18,5733.69,3723.49
O00453,2026-08-20,C0192,P041,3.0,UPI,Cancelled,4375.8,3312.17,13127.4,0.0,13127.4,9936.51,3190.89
O00454,2026-07-08,C0249,P051,4.0,Card,Delivered,14740.26,7745.22,58961.04,0.0,58961.04,30980.88,27980.16
O00455,2026-01-09,C0242,P071,4.0,UPI,Delivered,7918.43,4032.33,31673.72,0.0,31673.72,16129.32,15544.4
O00456,2025-06-16,C0179,P078,4.0,Net Banking,Delivered,13492.31,9504.32,53969.24,0.0,53969.24,38017.28,15951.96
O00457,2026-04-04,C0437,P029,2.0,Card,Delivered,4293.8,2741.74,8587.6,0.0,8587.6,5483.48,3104.12
O00458,2025-10-07,C0219,P019,3.0,UPI,Refunded,3026.45,1410.62,9079.35,9079.35,0.0,4231.86,-4231.86
O00459,2025-10-29,C0082,P066,2.0,Net Banking,Delivered,14371.87,7811.16,28743.74,0.0,28743.74,15622.32,13121.42
O00460,2026-06-15,C0092,P041,3.0,UPI,Delivered,4375.8,3312.17,13127.4,0.0,13127.4,9936.51,3190.89
O00461,2026-08-03,C0435,P045,1.0,UPI,Delivered,6056.96,4487.85,6056.96,0.0,6056.96,4487.85,1569.11
O00462,2025-08-06,C0175,P015,2.0,UPI,Delivered,6437.34,3494.57,12874.68,0.0,12874.68,6989.14,5885.54
O00463,2025-04-12,C0239,P003,2.0,Card,Delivered,13309.48,9919.88,26618.96,0.0,26618.96,19839.76,6779.2
O00464,2026-07-08,C0260,P011,1.0,Cash on Delivery,Delivered,11146.48,5146.21,11146.48,0.0,11146.48,5146.21,6000.27
O00465,2025-10-15,C0391,P053,3.0,UPI,Delivered,9131.74,4112.66,27395.22,0.0,27395.22,12337.98,15057.24
O00466,2025-06-16,C0365,P046,4.0,Net Banking,Cancelled,2129.23,1633.62,8516.92,0.0,8516.92,6534.48,1982.44
O00467,2025-02-05,C0163,P030,1.0,Card,Delivered,6154.82,4114.48,6154.82,0.0,6154.82,4114.48,2040.34
O00468,2025-12-19,C0048,P057,4.0,Card,Delivered,1255.3,644.89,5021.2,0.0,5021.2,2579.56,2441.64
O00469,2025-03-14,C0329,P018,4.0,Net Banking,Delivered,303.49,206.25,1213.96,0.0,1213.96,825.0,388.96
O00470,2025-12-19,C0328,P051,1.0,UPI,Delivered,14740.26,7745.22,14740.26,0.0,14740.26,7745.22,6995.04
O00471,2025-03-11,C0116,P048,3.0,Cash on Delivery,Delivered,12030.44,8903.65,36091.32,0.0,36091.32,26710.95,9380.37
O00472,2026-03-01,C0429,P066,4.0,UPI,Delivered,14371.87,7811.16,57487.48,0.0,57487.48,31244.64,26242.84
O00473,2026-07-15,C0337,P008,1.0,Net Banking,Delivered,12118.46,7359.58,12118.46,0.0,12118.46,7359.58,4758.88
O00474,2026-06-01,C0337,P022,2.0,Card,Delivered,1329.44,646.27,2658.88,0.0,2658.88,1292.54,1366.34
O00475,2026-03-04,C0369,P006,2.0,Cash on Delivery,Cancelled,6245.94,3616.94,12491.88,0.0,12491.88,7233.88,5258.0
O00476,2026-06-23,C0225,P076,2.0,Card,Delivered,7520.44,5735.15,15040.88,0.0,15040.88,11470.3,3570.58
O00477,2025-06-09,C0352,P057,1.0,Net Banking,Delivered,1255.3,644.89,1255.3,0.0,1255.3,644.89,610.41
O00478,2025-05-29,C0328,P036,2.0,UPI,Delivered,7169.47,3806.59,14338.94,0.0,14338.94,7613.18,6725.76
O00479,2025-08-18,C0147,P079,4.0,Cash on Delivery,Refunded,7111.7,4863.19,28446.8,28446.8,0.0,19452.76,-19452.76
O00480,2026-07-16,C0063,P057,2.0,Card,Delivered,1255.3,644.89,2510.6,0.0,2510.6,1289.78,1220.82
O00481,2025-03-08,C0294,P049,2.0,Card,Delivered,4107.04,1855.14,8214.08,0.0,8214.08,3710.28,4503.8
O00482,2026-01-16,C0323,P045,4.0,Card,Delivered,6056.96,4487.85,24227.84,0.0,24227.84,17951.4,6276.44
O00483,2025-02-27,C0443,P066,2.0,UPI,Refunded,14371.87,7811.16,28743.74,28743.74,0.0,15622.32,-15622.32
O00484,2025-09-16,C0325,P077,4.0,Cash on Delivery,Delivered,14946.14,7546.37,59784.56,0.0,59784.56,30185.48,29599.08
O00485,2025-12-08,C0013,P045,2.0,UPI,Delivered,6056.96,4487.85,12113.92,0.0,12113.92,8975.7,3138.22
O00486,2025-05-10,C0431,P079,4.0,UPI,Delivered,7111.7,4863.19,28446.8,0.0,28446.8,19452.76,8994.04
O00487,2025-06-21,C0189,P020,2.0,UPI,Delivered,5944.27,3719.68,11888.54,0.0,11888.54,7439.36,4449.18
O00488,2025-07-28,C0287,P064,4.0,Net Banking,Delivered,5946.13,4282.19,23784.52,0.0,23784.52,17128.76,6655.76
O00489,2025-12-20,C0208,P067,1.0,Net Banking,Delivered,12445.22,5676.03,12445.22,0.0,12445.22,5676.03,6769.19
O00490,2026-04-16,C0114,P003,4.0,Net Banking,Delivered,13309.48,9919.88,53237.92,0.0,53237.92,39679.52,13558.4
O00491,2025-04-26,C0022,P054,2.0,Cash on Delivery,Refunded,13584.74,8606.48,27169.48,27169.48,0.0,17212.96,-17212.96
O00492,2025-09-21,C0349,P078,2.0,UPI,Delivered,13492.31,9504.32,26984.62,0.0,26984.62,19008.64,7975.98
O00493,2026-03-18,C0214,P064,3.0,UPI,Delivered,5946.13,4282.19,17838.39,0.0,17838.39,12846.57,4991.82
O00494,2026-07-02,C0171,P040,4.0,Net Banking,Delivered,8959.9,4737.71,35839.6,0.0,35839.6,18950.84,16888.76
O00495,2026-03-29,C0323,P059,1.0,UPI,Delivered,12616.04,7036.26,12616.04,0.0,12616.04,7036.26,5579.78
O00496,2026-04-22,C0054,P055,4.0,UPI,Delivered,14841.02,10384.11,59364.08,0.0,59364.08,41536.44,17827.64
O00497,2025-10-14,C0394,P062,4.0,Card,Delivered,2068.98,1188.23,8275.92,0.0,8275.92,4752.92,3523.0
O00498,2025-10-30,C0298,P004,1.0,UPI,Delivered,8094.9,5940.38,8094.9,0.0,8094.9,5940.38,2154.52
O00499,2025-11-07,C0320,P060,4.0,Card,Cancelled,3689.37,2341.82,14757.48,0.0,14757.48,9367.28,5390.2
O00500,2025-07-27,C0126,P075,1.0,UPI,Delivered,7874.14,5546.4,7874.14,0.0,7874.14,5546.4,2327.74
O00501,2026-03-22,C0277,P030,1.0,Cash on Delivery,Delivered,6154.82,4114.48,6154.82,0.0,6154.82,4114.48,2040.34
O00502,2025-02-24,C0204,P002,4.0,Net Banking,Delivered,7371.61,3402.04,29486.44,0.0,29486.44,13608.16,15878.28
O00503,2025-01-12,C0194,P062,4.0,Card,Delivered,2068.98,1188.23,8275.92,0.0,8275.92,4752.92,3523.0
O00504,2026-02-04,C0169,P049,2.0,Net Banking,Delivered,4107.04,1855.14,8214.08,0.0,8214.08,3710.28,4503.8
O00505,2026-05-30,C0152,P009,2.0,Card,Delivered,8214.5,3816.82,16429.0,0.0,16429.0,7633.64,8795.36
O00506,2026-06-26,C0035,P031,3.0,Card,Delivered,1647.98,1037.32,4943.94,0.0,4943.94,3111.96,1831.98
O00507,2025-08-25,C0184,P061,3.0,Card,Delivered,12510.45,6107.96,37531.35,0.0,37531.35,18323.88,19207.47
O00508,2025-10-06,C0286,P079,4.0,Cash on Delivery,Delivered,7111.7,4863.19,28446.8,0.0,28446.8,19452.76,8994.04
O00509,2025-12-14,C0057,P048,1.0,UPI,Delivered,12030.44,8903.65,12030.44,0.0,12030.44,8903.65,3126.79
O00510,2025-04-14,C0222,P025,3.0,Card,Delivered,1601.59,753.23,4804.77,0.0,4804.77,2259.69,2545.08
O00511,2026-06-01,C0303,P036,4.0,Cash on Delivery,Delivered,7169.47,3806.59,28677.88,0.0,28677.88,15226.36,13451.52
O00512,2025-09-05,C0163,P008,3.0,Card,Delivered,12118.46,7359.58,36355.38,0.0,36355.38,22078.74,14276.64
O00513,2025-12-30,C0019,P073,1.0,UPI,Delivered,8017.96,5695.21,8017.96,0.0,8017.96,5695.21,2322.75
O00514,2025-11-17,C0370,P058,4.0,Card,Refunded,6203.23,2963.61,24812.92,24812.92,0.0,11854.44,-11854.44
O00515,2025-10-13,C0264,P045,1.0,Cash on Delivery,Delivered,6056.96,4487.85,6056.96,0.0,6056.96,4487.85,1569.11
O00516,2025-05-29,C0282,P062,4.0,UPI,Delivered,2068.98,1188.23,8275.92,0.0,8275.92,4752.92,3523.0
O00517,2025-03-25,C0113,P039,3.0,Cash on Delivery,Refunded,10818.63,6060.84,32455.89,32455.89,0.0,18182.52,-18182.52
O00518,2026-02-10,C0327,P058,2.0,UPI,Delivered,6203.23,2963.61,12406.46,0.0,12406.46,5927.22,6479.24
O00519,2026-04-01,C0030,P064,3.0,UPI,Cancelled,5946.13,4282.19,17838.39,0.0,17838.39,12846.57,4991.82
O00520,2025-06-10,C0135,P044,3.0,Net Banking,Refunded,1909.17,978.34,5727.51,5727.51,0.0,2935.02,-2935.02
O00521,2026-04-05,C0067,P029,2.0,Net Banking,Delivered,4293.8,2741.74,8587.6,0.0,8587.6,5483.48,3104.12
O00522,2026-07-04,C0065,P059,2.0,Net Banking,Delivered,12616.04,7036.26,25232.08,0.0,25232.08,14072.52,11159.56
O00523,2026-05-15,C0292,P071,4.0,UPI,Delivered,7918.43,4032.33,31673.72,0.0,31673.72,16129.32,15544.4
O00524,2026-05-24,C0025,P009,4.0,Card,Delivered,8214.5,3816.82,32858.0,0.0,32858.0,15267.28,17590.72
O00525,2026-04-26,C0037,P006,1.0,Cash on Delivery,Delivered,6245.94,3616.94,6245.94,0.0,6245.94,3616.94,2629.0
O00526,2025-04-24,C0001,P029,1.0,Cash on Delivery,Delivered,4293.8,2741.74,4293.8,0.0,4293.8,2741.74,1552.06
O00527,2026-08-01,C0399,P058,3.0,Cash on Delivery,Delivered,6203.23,2963.61,18609.69,0.0,18609.69,8890.83,9718.86
O00528,2025-12-27,C0037,P017,2.0,Net Banking,Delivered,14858.02,6711.03,29716.04,0.0,29716.04,13422.06,16293.98
O00529,2025-12-07,C0141,P016,1.0,UPI,Delivered,7090.56,3781.92,7090.56,0.0,7090.56,3781.92,3308.64
O00530,2026-03-25,C0232,P003,3.0,Net Banking,Delivered,13309.48,9919.88,39928.44,0.0,39928.44,29759.64,10168.8
O00531,2025-06-29,C0136,P021,2.0,Card,Delivered,14009.07,10751.96,28018.14,0.0,28018.14,21503.92,6514.22
O00532,2026-02-11,C0389,P064,4.0,UPI,Delivered,5946.13,4282.19,23784.52,0.0,23784.52,17128.76,6655.76
O00533,2025-07-15,C0188,P036,3.0,Cash on Delivery,Refunded,7169.47,3806.59,21508.41,21508.41,0.0,11419.77,-11419.77
O00534,2026-04-11,C0128,P062,4.0,Net Banking,Refunded,2068.98,1188.23,8275.92,8275.92,0.0,4752.92,-4752.92
O00535,2025-11-07,C0201,P042,1.0,Net Banking,Delivered,13681.98,6634.74,13681.98,0.0,13681.98,6634.74,7047.24
O00536,2025-09-19,C0127,P076,1.0,Card,Cancelled,7520.44,5735.15,7520.44,0.0,7520.44,5735.15,1785.29
O00537,2026-02-23,C0257,P042,2.0,Card,Delivered,13681.98,6634.74,27363.96,0.0,27363.96,13269.48,14094.48
O00538,2026-02-10,C0164,P061,3.0,Net Banking,Delivered,12510.45,6107.96,37531.35,0.0,37531.35,18323.88,19207.47
O00539,2025-05-23,C0035,P013,4.0,Card,Delivered,6574.21,4979.47,26296.84,0.0,26296.84,19917.88,6378.96
O00540,2025-12-08,C0194,P011,2.0,Cash on Delivery,Delivered,11146.48,5146.21,22292.96,0.0,22292.96,10292.42,12000.54
O00541,2025-11-12,C0191,P054,1.0,Card,Refunded,13584.74,8606.48,13584.74,13584.74,0.0,8606.48,-8606.48
O00542,2025-04-11,C0104,P016,1.0,Card,Delivered,7090.56,3781.92,7090.56,0.0,7090.56,3781.92,3308.64
O00543,2025-09-01,C0023,P008,3.0,Net Banking,Delivered,12118.46,7359.58,36355.38,0.0,36355.38,22078.74,14276.64
O00544,2026-05-05,C0265,P059,4.0,Net Banking,Delivered,12616.04,7036.26,50464.16,0.0,50464.16,28145.04,22319.12
O00545,2025-01-12,C0290,P057,3.0,UPI,Delivered,1255.3,644.89,3765.9,0.0,3765.9,1934.67,1831.23
O00546,2025-08-27,C0430,P040,4.0,UPI,Delivered,8959.9,4737.71,35839.6,0.0,35839.6,18950.84,16888.76
O00547,2026-07-15,C0384,P059,4.0,Net Banking,Delivered,12616.04,7036.26,50464.16,0.0,50464.16,28145.04,22319.12
O00548,2025-02-11,C0260,P002,3.0,Card,Delivered,7371.61,3402.04,22114.83,0.0,22114.83,10206.12,11908.71
O00549,2026-08-17,C0414,P076,2.0,Card,Delivered,7520.44,5735.15,15040.88,0.0,15040.88,11470.3,3570.58
O00550,2026-03-05,C0358,P010,3.0,UPI,Delivered,10026.33,7331.49,30078.99,0.0,30078.99,21994.47,8084.52
O00551,2025-06-07,C0075,P044,3.0,UPI,Delivered,1909.17,978.34,5727.51,0.0,5727.51,2935.02,2792.49
O00552,2025-08-04,C0355,P011,1.0,UPI,Delivered,11146.48,5146.21,11146.48,0.0,11146.48,5146.21,6000.27
O00553,2026-04-07,C0072,P079,1.0,Cash on Delivery,Delivered,7111.7,4863.19,7111.7,0.0,7111.7,4863.19,2248.51
O00554,2025-05-14,C0259,P080,3.0,Cash on Delivery,Delivered,9457.18,5733.69,28371.54,0.0,28371.54,17201.07,11170.47
O00555,2025-03-08,C0398,P002,3.0,UPI,Delivered,7371.61,3402.04,22114.83,0.0,22114.83,10206.12,11908.71
O00556,2025-01-07,C0188,P050,1.0,Card,Delivered,8951.75,6450.47,8951.75,0.0,8951.75,6450.47,2501.28
O00557,2026-06-10,C0173,P012,4.0,UPI,Delivered,7946.47,4438.79,31785.88,0.0,31785.88,17755.16,14030.72
O00558,2025-03-14,C0290,P023,3.0,Cash on Delivery,Cancelled,439.44,327.46,1318.32,0.0,1318.32,982.38,335.94
O00559,2026-02-03,C0045,P018,2.0,Card,Delivered,303.49,206.25,606.98,0.0,606.98,412.5,194.48
O00560,2026-02-09,C0061,P062,2.0,Cash on Delivery,Delivered,2068.98,1188.23,4137.96,0.0,4137.96,2376.46,1761.5
O00561,2026-08-01,C0083,P062,2.0,Card,Refunded,2068.98,1188.23,4137.96,4137.96,0.0,2376.46,-2376.46
O00562,2025-05-10,C0123,P038,3.0,Cash on Delivery,Delivered,12836.48,6455.88,38509.44,0.0,38509.44,19367.64,19141.8
O00563,2026-04-11,C0358,P067,4.0,Card,Delivered,12445.22,5676.03,49780.88,0.0,49780.88,22704.12,27076.76
O00564,2025-07-25,C0016,P038,4.0,Card,Delivered,12836.48,6455.88,51345.92,0.0,51345.92,25823.52,25522.4
O00565,2025-09-23,C0066,P067,1.0,Card,Delivered,12445.22,5676.03,12445.22,0.0,12445.22,5676.03,6769.19
O00566,2026-06-21,C0424,P061,3.0,Card,Delivered,12510.45,6107.96,37531.35,0.0,37531.35,18323.88,19207.47
O00567,2025-09-10,C0145,P001,4.0,Net Banking,Refunded,8541.95,5952.01,34167.8,34167.8,0.0,23808.04,-23808.04
O00568,2025-10-16,C0375,P045,3.0,Cash on Delivery,Delivered,6056.96,4487.85,18170.88,0.0,18170.88,13463.55,4707.33
O00569,2025-06-13,C0162,P028,1.0,Cash on Delivery,Delivered,8837.13,6620.33,8837.13,0.0,8837.13,6620.33,2216.8
O00570,2025-04-05,C0234,P021,1.0,Net Banking,Refunded,14009.07,10751.96,14009.07,14009.07,0.0,10751.96,-10751.96
O00571,2025-04-20,C0380,P013,1.0,Card,Refunded,6574.21,4979.47,6574.21,6574.21,0.0,4979.47,-4979.47
O00572,2025-12-02,C0144,P027,2.0,Card,Delivered,7352.79,4560.98,14705.58,0.0,14705.58,9121.96,5583.62
O00573,2025-08-26,C0358,P007,3.0,Cash on Delivery,Delivered,8714.69,4706.6,26144.07,0.0,26144.07,14119.8,12024.27
O00574,2026-01-16,C0188,P022,1.0,Net Banking,Delivered,1329.44,646.27,1329.44,0.0,1329.44,646.27,683.17
O00575,2026-03-12,C0322,P074,3.0,Card,Delivered,4125.43,2092.99,12376.29,0.0,12376.29,6278.97,6097.32
O00576,2026-04-28,C0450,P053,2.0,Card,Delivered,9131.74,4112.66,18263.48,0.0,18263.48,8225.32,10038.16
O00577,2025-01-25,C0013,P079,2.0,Card,Cancelled,7111.7,4863.19,14223.4,0.0,14223.4,9726.38,4497.02
O00578,2025-04-27,C0184,P079,1.0,UPI,Delivered,7111.7,4863.19,7111.7,0.0,7111.7,4863.19,2248.51
O00579,2026-04-27,C0111,P004,1.0,Net Banking,Delivered,8094.9,5940.38,8094.9,0.0,8094.9,5940.38,2154.52
O00580,2026-01-27,C0415,P023,4.0,Card,Delivered,439.44,327.46,1757.76,0.0,1757.76,1309.84,447.92
O00581,2026-06-21,C0290,P070,3.0,UPI,Delivered,3479.96,2016.32,10439.88,0.0,10439.88,6048.96,4390.92
O00582,2025-03-20,C0295,P076,1.0,Net Banking,Delivered,7520.44,5735.15,7520.44,0.0,7520.44,5735.15,1785.29
O00583,2026-08-03,C0392,P033,4.0,Card,Delivered,7981.03,5524.39,31924.12,0.0,31924.12,22097.56,9826.56
O00584,2025-06-22,C0215,P028,3.0,Cash on Delivery,Delivered,8837.13,6620.33,26511.39,0.0,26511.39,19860.99,6650.4
O00585,2025-01-12,C0120,P008,1.0,UPI,Delivered,12118.46,7359.58,12118.46,0.0,12118.46,7359.58,4758.88
O00586,2025-05-08,C0382,P001,4.0,UPI,Delivered,8541.95,5952.01,34167.8,0.0,34167.8,23808.04,10359.76
O00587,2026-08-31,C0055,P037,4.0,Card,Delivered,4665.94,2341.94,18663.76,0.0,18663.76,9367.76,9296.0
O00588,2025-04-02,C0027,P063,3.0,Card,Delivered,990.1,448.51,2970.3,0.0,2970.3,1345.53,1624.77
O00589,2026-06-27,C0118,P022,4.0,UPI,Delivered,1329.44,646.27,5317.76,0.0,5317.76,2585.08,2732.68
O00590,2026-06-16,C0221,P070,3.0,Cash on Delivery,Delivered,3479.96,2016.32,10439.88,0.0,10439.88,6048.96,4390.92
O00591,2026-03-23,C0231,P021,3.0,Cash on Delivery,Delivered,14009.07,10751.96,42027.21,0.0,42027.21,32255.88,9771.33
O00592,2026-01-25,C0053,P035,3.0,Net Banking,Delivered,349.19,257.18,1047.57,0.0,1047.57,771.54,276.03
O00593,2025-02-12,C0295,P079,2.0,Card,Delivered,7111.7,4863.19,14223.4,0.0,14223.4,9726.38,4497.02
O00594,2025-09-11,C0321,P005,4.0,Cash on Delivery,Delivered,6783.17,4076.36,27132.68,0.0,27132.68,16305.44,10827.24
O00595,2025-05-10,C0401,P060,3.0,Net Banking,Delivered,3689.37,2341.82,11068.11,0.0,11068.11,7025.46,4042.65
O00596,2025-03-01,C0233,P046,1.0,Cash on Delivery,Refunded,2129.23,1633.62,2129.23,2129.23,0.0,1633.62,-1633.62
O00597,2026-04-12,C0158,P050,2.0,Card,Delivered,8951.75,6450.47,17903.5,0.0,17903.5,12900.94,5002.56
O00598,2025-10-14,C0437,P048,2.0,Net Banking,Delivered,12030.44,8903.65,24060.88,0.0,24060.88,17807.3,6253.58
O00599,2026-06-01,C0269,P006,4.0,Net Banking,Delivered,6245.94,3616.94,24983.76,0.0,24983.76,14467.76,10516.0
O00600,2026-04-12,C0021,P056,3.0,Net Banking,Delivered,11227.29,6010.72,33681.87,0.0,33681.87,18032.16,15649.71
O00601,2025-12-11,C0403,P059,4.0,Cash on Delivery,Refunded,12616.04,7036.26,50464.16,50464.16,0.0,28145.04,-28145.04
O00602,2026-01-17,C0053,P029,2.0,Card,Delivered,4293.8,2741.74,8587.6,0.0,8587.6,5483.48,3104.12
O00603,2025-09-10,C0275,P071,3.0,Net Banking,Delivered,7918.43,4032.33,23755.29,0.0,23755.29,12096.99,11658.3
O00604,2025-02-25,C0313,P077,1.0,UPI,Delivered,14946.14,7546.37,14946.14,0.0,14946.14,7546.37,7399.77
O00605,2026-04-08,C0281,P018,3.0,Card,Delivered,303.49,206.25,910.47,0.0,910.47,618.75,291.72
O00606,2026-04-02,C0214,P002,2.0,UPI,Delivered,7371.61,3402.04,14743.22,0.0,14743.22,6804.08,7939.14
O00607,2025-03-24,C0031,P008,1.0,UPI,Delivered,12118.46,7359.58,12118.46,0.0,12118.46,7359.58,4758.88
O00608,2025-04-09,C0337,P075,3.0,Net Banking,Delivered,7874.14,5546.4,23622.42,0.0,23622.42,16639.2,6983.22
O00609,2025-05-29,C0183,P054,1.0,Net Banking,Delivered,13584.74,8606.48,13584.74,0.0,13584.74,8606.48,4978.26
O00610,2025-11-25,C0023,P038,1.0,Cash on Delivery,Cancelled,12836.48,6455.88,12836.48,0.0,12836.48,6455.88,6380.6
O00611,2025-06-05,C0032,P048,2.0,Cash on Delivery,Refunded,12030.44,8903.65,24060.88,24060.88,0.0,17807.3,-17807.3
O00612,2025-07-09,C0446,P027,1.0,Cash on Delivery,Delivered,7352.79,4560.98,7352.79,0.0,7352.79,4560.98,2791.81
O00613,2026-05-09,C0074,P020,4.0,Card,Delivered,5944.27,3719.68,23777.08,0.0,23777.08,14878.72,8898.36
O00614,2025-09-20,C0010,P012,2.0,Cash on Delivery,Delivered,7946.47,4438.79,15892.94,0.0,15892.94,8877.58,7015.36
O00615,2025-03-21,C0054,P043,4.0,UPI,Delivered,962.98,655.47,3851.92,0.0,3851.92,2621.88,1230.04
O00616,2026-02-04,C0052,P061,1.0,Cash on Delivery,Cancelled,12510.45,6107.96,12510.45,0.0,12510.45,6107.96,6402.49
O00617,2025-09-17,C0148,P031,4.0,Net Banking,Delivered,1647.98,1037.32,6591.92,0.0,6591.92,4149.28,2442.64
O00618,2026-07-06,C0160,P061,3.0,Cash on Delivery,Delivered,12510.45,6107.96,37531.35,0.0,37531.35,18323.88,19207.47
O00619,2025-04-11,C0370,P074,1.0,Card,Delivered,4125.43,2092.99,4125.43,0.0,4125.43,2092.99,2032.44
O00620,2025-12-25,C0014,P067,3.0,Card,Delivered,12445.22,5676.03,37335.66,0.0,37335.66,17028.09,20307.57
O00621,2026-01-15,C0178,P035,4.0,UPI,Cancelled,349.19,257.18,1396.76,0.0,1396.76,1028.72,368.04
O00622,2025-08-09,C0412,P015,3.0,Card,Cancelled,6437.34,3494.57,19312.02,0.0,19312.02,10483.71,8828.31
O00623,2026-02-24,C0366,P016,1.0,Cash on Delivery,Delivered,7090.56,3781.92,7090.56,0.0,7090.56,3781.92,3308.64
O00624,2025-05-04,C0053,P013,3.0,Net Banking,Delivered,6574.21,4979.47,19722.63,0.0,19722.63,14938.41,4784.22
O00625,2026-02-26,C0408,P035,4.0,Card,Refunded,349.19,257.18,1396.76,1396.76,0.0,1028.72,-1028.72
O00626,2025-08-19,C0335,P075,4.0,UPI,Cancelled,7874.14,5546.4,31496.56,0.0,31496.56,22185.6,9310.96
O00627,2025-03-04,C0022,P059,4.0,Cash on Delivery,Delivered,12616.04,7036.26,50464.16,0.0,50464.16,28145.04,22319.12
O00628,2026-04-30,C0030,P021,1.0,UPI,Delivered,14009.07,10751.96,14009.07,0.0,14009.07,10751.96,3257.11
O00629,2026-07-28,C0191,P054,4.0,Card,Delivered,13584.74,8606.48,54338.96,0.0,54338.96,34425.92,19913.04
O00630,2026-04-28,C0260,P075,1.0,Card,Delivered,7874.14,5546.4,7874.14,0.0,7874.14,5546.4,2327.74
O00631,2026-06-03,C0205,P030,3.0,UPI,Cancelled,6154.82,4114.48,18464.46,0.0,18464.46,12343.44,6121.02
O00632,2025-06-04,C0059,P048,4.0,Cash on Delivery,Delivered,12030.44,8903.65,48121.76,0.0,48121.76,35614.6,12507.16
O00633,2025-04-02,C0264,P035,3.0,Card,Refunded,349.19,257.18,1047.57,1047.57,0.0,771.54,-771.54
O00634,2026-06-10,C0012,P038,2.0,Net Banking,Delivered,12836.48,6455.88,25672.96,0.0,25672.96,12911.76,12761.2
O00635,2026-03-31,C0119,P031,3.0,Card,Delivered,1647.98,1037.32,4943.94,0.0,4943.94,3111.96,1831.98
O00636,2026-08-21,C0415,P078,2.0,Cash on Delivery,Delivered,13492.31,9504.32,26984.62,0.0,26984.62,19008.64,7975.98
O00637,2026-05-25,C0290,P024,3.0,Card,Delivered,1074.45,835.05,3223.35,0.0,3223.35,2505.15,718.2
O00638,2025-07-02,C0338,P049,1.0,UPI,Delivered,4107.04,1855.14,4107.04,0.0,4107.04,1855.14,2251.9
O00639,2026-01-21,C0248,P032,3.0,Card,Delivered,5244.65,3856.3,15733.95,0.0,15733.95,11568.9,4165.05
O00640,2026-07-28,C0354,P055,1.0,Card,Delivered,14841.02,10384.11,14841.02,0.0,14841.02,10384.11,4456.91
O00641,2026-02-09,C0127,P079,1.0,Cash on Delivery,Delivered,7111.7,4863.19,7111.7,0.0,7111.7,4863.19,2248.51
O00642,2025-09-03,C0075,P058,4.0,UPI,Delivered,6203.23,2963.61,24812.92,0.0,24812.92,11854.44,12958.48
O00643,2026-08-14,C0361,P003,1.0,Cash on Delivery,Delivered,13309.48,9919.88,13309.48,0.0,13309.48,9919.88,3389.6
O00644,2026-04-16,C0204,P080,2.0,Card,Delivered,9457.18,5733.69,18914.36,0.0,18914.36,11467.38,7446.98
O00645,2026-02-27,C0049,P069,4.0,Net Banking,Delivered,9557.74,6950.77,38230.96,0.0,38230.96,27803.08,10427.88
O00646,2025-03-06,C0079,P010,4.0,Card,Delivered,10026.33,7331.49,40105.32,0.0,40105.32,29325.96,10779.36
O00647,2025-01-13,C0441,P025,3.0,Cash on Delivery,Delivered,1601.59,753.23,4804.77,0.0,4804.77,2259.69,2545.08
O00648,2025-08-01,C0241,P068,1.0,Net Banking,Delivered,12071.31,7153.93,12071.31,0.0,12071.31,7153.93,4917.38
O00649,2025-08-30,C0349,P061,1.0,Cash on Delivery,Delivered,12510.45,6107.96,12510.45,0.0,12510.45,6107.96,6402.49
O00650,2026-05-08,C0154,P029,2.0,Cash on Delivery,Delivered,4293.8,2741.74,8587.6,0.0,8587.6,5483.48,3104.12
O00651,2025-08-01,C0274,P019,3.0,UPI,Delivered,3026.45,1410.62,9079.35,0.0,9079.35,4231.86,4847.49
O00652,2025-12-04,C0096,P043,3.0,Net Banking,Delivered,962.98,655.47,2888.94,0.0,2888.94,1966.41,922.53
O00653,2025-06-22,C0214,P066,4.0,Card,Delivered,14371.87,7811.16,57487.48,0.0,57487.48,31244.64,26242.84
O00654,2025-06-13,C0294,P074,4.0,Cash on Delivery,Delivered,4125.43,2092.99,16501.72,0.0,16501.72,8371.96,8129.76
O00655,2026-04-10,C0209,P061,4.0,Card,Delivered,12510.45,6107.96,50041.8,0.0,50041.8,24431.84,25609.96
O00656,2026-05-12,C0343,P043,2.0,UPI,Delivered,962.98,655.47,1925.96,0.0,1925.96,1310.94,615.02
O00657,2026-01-30,C0088,P025,2.0,UPI,Delivered,1601.59,753.23,3203.18,0.0,3203.18,1506.46,1696.72
O00658,2025-11-04,C0306,P020,4.0,Net Banking,Delivered,5944.27,3719.68,23777.08,0.0,23777.08,14878.72,8898.36
O00659,2025-07-02,C0264,P048,3.0,UPI,Delivered,12030.44,8903.65,36091.32,0.0,36091.32,26710.95,9380.37
O00660,2026-05-25,C0425,P024,2.0,UPI,Delivered,1074.45,835.05,2148.9,0.0,2148.9,1670.1,478.8
O00661,2026-06-30,C0390,P011,3.0,Card,Delivered,11146.48,5146.21,33439.44,0.0,33439.44,15438.63,18000.81
O00662,2026-07-18,C0325,P055,3.0,UPI,Delivered,14841.02,10384.11,44523.06,0.0,44523.06,31152.33,13370.73
O00663,2026-08-17,C0428,P028,1.0,UPI,Delivered,8837.13,6620.33,8837.13,0.0,8837.13,6620.33,2216.8
O00664,2025-08-15,C0377,P069,4.0,Cash on Delivery,Delivered,9557.74,6950.77,38230.96,0.0,38230.96,27803.08,10427.88
O00665,2026-03-12,C0320,P063,1.0,UPI,Delivered,990.1,448.51,990.1,0.0,990.1,448.51,541.59
O00666,2026-02-26,C0157,P059,4.0,Cash on Delivery,Delivered,12616.04,7036.26,50464.16,0.0,50464.16,28145.04,22319.12
O00667,2026-07-08,C0156,P005,4.0,UPI,Delivered,6783.17,4076.36,27132.68,0.0,27132.68,16305.44,10827.24
O00668,2025-01-21,C0139,P051,3.0,UPI,Delivered,14740.26,7745.22,44220.78,0.0,44220.78,23235.66,20985.12
O00669,2026-07-08,C0121,P021,4.0,Net Banking,Delivered,14009.07,10751.96,56036.28,0.0,56036.28,43007.84,13028.44
O00670,2026-02-01,C0065,P012,3.0,Net Banking,Delivered,7946.47,4438.79,23839.41,0.0,23839.41,13316.37,10523.04
O00671,2025-04-15,C0107,P050,3.0,Cash on Delivery,Delivered,8951.75,6450.47,26855.25,0.0,26855.25,19351.41,7503.84
O00672,2025-07-11,C0147,P004,4.0,UPI,Delivered,8094.9,5940.38,32379.6,0.0,32379.6,23761.52,8618.08
O00673,2025-01-17,C0137,P042,3.0,Card,Delivered,13681.98,6634.74,41045.94,0.0,41045.94,19904.22,21141.72
O00674,2025-04-30,C0411,P038,3.0,Net Banking,Delivered,12836.48,6455.88,38509.44,0.0,38509.44,19367.64,19141.8
O00675,2026-01-28,C0162,P025,3.0,Card,Delivered,1601.59,753.23,4804.77,0.0,4804.77,2259.69,2545.08
O00676,2026-03-01,C0428,P014,2.0,Net Banking,Cancelled,13186.98,9133.57,26373.96,0.0,26373.96,18267.14,8106.82
O00677,2025-05-09,C0100,P075,3.0,Net Banking,Delivered,7874.14,5546.4,23622.42,0.0,23622.42,16639.2,6983.22
O00678,2025-05-10,C0338,P032,2.0,UPI,Delivered,5244.65,3856.3,10489.3,0.0,10489.3,7712.6,2776.7
O00679,2026-07-26,C0399,P011,2.0,Net Banking,Delivered,11146.48,5146.21,22292.96,0.0,22292.96,10292.42,12000.54
O00680,2026-07-14,C0307,P061,3.0,Card,Delivered,12510.45,6107.96,37531.35,0.0,37531.35,18323.88,19207.47
O00681,2025-01-29,C0141,P018,3.0,Net Banking,Delivered,303.49,206.25,910.47,0.0,910.47,618.75,291.72
O00682,2025-04-07,C0083,P027,2.0,Cash on Delivery,Delivered,7352.79,4560.98,14705.58,0.0,14705.58,9121.96,5583.62
O00683,2025-01-10,C0177,P055,2.0,UPI,Delivered,14841.02,10384.11,29682.04,0.0,29682.04,20768.22,8913.82
O00684,2025-08-30,C0198,P054,3.0,UPI,Delivered,13584.74,8606.48,40754.22,0.0,40754.22,25819.44,14934.78
O00685,2025-08-20,C0112,P075,3.0,Cash on Delivery,Delivered,7874.14,5546.4,23622.42,0.0,23622.42,16639.2,6983.22
O00686,2025-10-11,C0056,P021,4.0,Cash on Delivery,Delivered,14009.07,10751.96,56036.28,0.0,56036.28,43007.84,13028.44
O00687,2025-07-19,C0179,P044,2.0,Cash on Delivery,Delivered,1909.17,978.34,3818.34,0.0,3818.34,1956.68,1861.66
O00688,2025-03-20,C0421,P005,2.0,Net Banking,Refunded,6783.17,4076.36,13566.34,13566.34,0.0,8152.72,-8152.72
O00689,2025-06-22,C0401,P041,4.0,UPI,Refunded,4375.8,3312.17,17503.2,17503.2,0.0,13248.68,-13248.68
O00690,2026-04-12,C0186,P059,2.0,Cash on Delivery,Delivered,12616.04,7036.26,25232.08,0.0,25232.08,14072.52,11159.56
O00691,2026-08-04,C0218,P054,1.0,Net Banking,Delivered,13584.74,8606.48,13584.74,0.0,13584.74,8606.48,4978.26
O00692,2026-02-20,C0413,P074,2.0,Cash on Delivery,Delivered,4125.43,2092.99,8250.86,0.0,8250.86,4185.98,4064.88
O00693,2026-03-25,C0417,P022,4.0,Card,Cancelled,1329.44,646.27,5317.76,0.0,5317.76,2585.08,2732.68
O00694,2025-03-28,C0316,P065,1.0,Card,Delivered,839.96,413.59,839.96,0.0,839.96,413.59,426.37
O00695,2025-04-11,C0217,P064,3.0,UPI,Delivered,5946.13,4282.19,17838.39,0.0,17838.39,12846.57,4991.82
O00696,2025-01-08,C0120,P071,4.0,Net Banking,Delivered,7918.43,4032.33,31673.72,0.0,31673.72,16129.32,15544.4
O00697,2025-07-19,C0439,P004,4.0,Card,Delivered,8094.9,5940.38,32379.6,0.0,32379.6,23761.52,8618.08
O00698,2026-05-20,C0394,P065,3.0,Card,Delivered,839.96,413.59,2519.88,0.0,2519.88,1240.77,1279.11
O00699,2025-03-28,C0175,P015,4.0,Net Banking,Delivered,6437.34,3494.57,25749.36,0.0,25749.36,13978.28,11771.08
O00700,2025-02-12,C0023,P076,2.0,Cash on Delivery,Delivered,7520.44,5735.15,15040.88,0.0,15040.88,11470.3,3570.58
O00701,2026-01-20,C0213,P022,3.0,Net Banking,Delivered,1329.44,646.27,3988.32,0.0,3988.32,1938.81,2049.51
O00702,2026-03-11,C0405,P047,4.0,Cash on Delivery,Delivered,14359.31,8667.35,57437.24,0.0,57437.24,34669.4,22767.84
O00703,2026-02-12,C0235,P046,3.0,Card,Delivered,2129.23,1633.62,6387.69,0.0,6387.69,4900.86,1486.83
O00704,2026-04-28,C0013,P014,3.0,Card,Cancelled,13186.98,9133.57,39560.94,0.0,39560.94,27400.71,12160.23
O00705,2025-01-17,C0101,P050,3.0,Card,Refunded,8951.75,6450.47,26855.25,26855.25,0.0,19351.41,-19351.41
O00706,2025-05-28,C0417,P020,1.0,UPI,Refunded,5944.27,3719.68,5944.27,5944.27,0.0,3719.68,-3719.68
O00707,2025-10-04,C0024,P050,4.0,UPI,Cancelled,8951.75,6450.47,35807.0,0.0,35807.0,25801.88,10005.12
O00708,2025-08-20,C0364,P033,1.0,UPI,Delivered,7981.03,5524.39,7981.03,0.0,7981.03,5524.39,2456.64
O00709,2026-01-01,C0011,P059,4.0,Net Banking,Delivered,12616.04,7036.26,50464.16,0.0,50464.16,28145.04,22319.12
O00710,2025-08-16,C0273,P043,2.0,Card,Delivered,962.98,655.47,1925.96,0.0,1925.96,1310.94,615.02
O00711,2026-03-12,C0431,P079,2.0,Card,Cancelled,7111.7,4863.19,14223.4,0.0,14223.4,9726.38,4497.02
O00712,2026-02-03,C0281,P012,2.0,Net Banking,Delivered,7946.47,4438.79,15892.94,0.0,15892.94,8877.58,7015.36
O00713,2025-07-30,C0094,P040,4.0,UPI,Delivered,8959.9,4737.71,35839.6,0.0,35839.6,18950.84,16888.76
O00714,2026-01-26,C0201,P020,3.0,Net Banking,Delivered,5944.27,3719.68,17832.81,0.0,17832.81,11159.04,6673.77
O00715,2026-05-14,C0021,P038,3.0,UPI,Delivered,12836.48,6455.88,38509.44,0.0,38509.44,19367.64,19141.8
O00716,2026-06-24,C0340,P003,1.0,Card,Delivered,13309.48,9919.88,13309.48,0.0,13309.48,9919.88,3389.6
O00717,2026-07-17,C0211,P028,1.0,Cash on Delivery,Delivered,8837.13,6620.33,8837.13,0.0,8837.13,6620.33,2216.8
O00718,2026-05-06,C0140,P056,2.0,UPI,Delivered,11227.29,6010.72,22454.58,0.0,22454.58,12021.44,10433.14
O00719,2026-03-18,C0293,P013,1.0,Card,Delivered,6574.21,4979.47,6574.21,0.0,6574.21,4979.47,1594.74
O00720,2025-09-18,C0298,P077,4.0,Card,Delivered,14946.14,7546.37,59784.56,0.0,59784.56,30185.48,29599.08
O00721,2025-12-16,C0401,P066,4.0,Cash on Delivery,Delivered,14371.87,7811.16,57487.48,0.0,57487.48,31244.64,26242.84
O00722,2025-12-18,C0101,P037,1.0,Card,Refunded,4665.94,2341.94,4665.94,4665.94,0.0,2341.94,-2341.94
O00723,2026-06-04,C0304,P049,1.0,Card,Delivered,4107.04,1855.14,4107.04,0.0,4107.04,1855.14,2251.9
O00724,2025-11-16,C0359,P066,1.0,UPI,Delivered,14371.87,7811.16,14371.87,0.0,14371.87,7811.16,6560.71
O00725,2025-05-18,C0028,P036,1.0,UPI,Delivered,7169.47,3806.59,7169.47,0.0,7169.47,3806.59,3362.88
O00726,2026-07-04,C0041,P054,2.0,Cash on Delivery,Delivered,13584.74,8606.48,27169.48,0.0,27169.48,17212.96,9956.52
O00727,2026-01-03,C0355,P026,2.0,Cash on Delivery,Delivered,852.67,632.13,1705.34,0.0,1705.34,1264.26,441.08
O00728,2025-08-08,C0303,P075,1.0,Card,Delivered,7874.14,5546.4,7874.14,0.0,7874.14,5546.4,2327.74
O00729,2025-12-03,C0146,P072,4.0,UPI,Delivered,9079.93,6344.33,36319.72,0.0,36319.72,25377.32,10942.4
O00730,2025-08-11,C0256,P040,2.0,Cash on Delivery,Delivered,8959.9,4737.71,17919.8,0.0,17919.8,9475.42,8444.38
O00731,2025-12-26,C0227,P043,4.0,Cash on Delivery,Delivered,962.98,655.47,3851.92,0.0,3851.92,2621.88,1230.04
O00732,2025-11-25,C0236,P022,3.0,Net Banking,Delivered,1329.44,646.27,3988.32,0.0,3988.32,1938.81,2049.51
O00733,2026-04-08,C0361,P020,4.0,Cash on Delivery,Delivered,5944.27,3719.68,23777.08,0.0,23777.08,14878.72,8898.36
O00734,2026-07-15,C0380,P008,1.0,Card,Delivered,12118.46,7359.58,12118.46,0.0,12118.46,7359.58,4758.88
O00735,2026-01-17,C0013,P029,3.0,UPI,Delivered,4293.8,2741.74,12881.4,0.0,12881.4,8225.22,4656.18
O00736,2026-08-13,C0210,P040,2.0,Cash on Delivery,Cancelled,8959.9,4737.71,17919.8,0.0,17919.8,9475.42,8444.38
O00737,2025-06-18,C0229,P030,2.0,Net Banking,Delivered,6154.82,4114.48,12309.64,0.0,12309.64,8228.96,4080.68
O00738,2025-08-05,C0397,P055,3.0,UPI,Delivered,14841.02,10384.11,44523.06,0.0,44523.06,31152.33,13370.73
O00739,2026-01-13,C0100,P016,4.0,Cash on Delivery,Delivered,7090.56,3781.92,28362.24,0.0,28362.24,15127.68,13234.56
O00740,2025-04-29,C0031,P046,2.0,Net Banking,Delivered,2129.23,1633.62,4258.46,0.0,4258.46,3267.24,991.22
O00741,2025-07-09,C0386,P062,1.0,Cash on Delivery,Delivered,2068.98,1188.23,2068.98,0.0,2068.98,1188.23,880.75
O00742,2026-01-05,C0016,P007,3.0,UPI,Delivered,8714.69,4706.6,26144.07,0.0,26144.07,14119.8,12024.27
O00743,2025-05-29,C0137,P080,1.0,UPI,Delivered,9457.18,5733.69,9457.18,0.0,9457.18,5733.69,3723.49
O00744,2026-05-03,C0329,P045,3.0,UPI,Delivered,6056.96,4487.85,18170.88,0.0,18170.88,13463.55,4707.33
O00745,2026-01-09,C0166,P059,2.0,Card,Delivered,12616.04,7036.26,25232.08,0.0,25232.08,14072.52,11159.56
O00746,2025-06-09,C0310,P056,4.0,Cash on Delivery,Delivered,11227.29,6010.72,44909.16,0.0,44909.16,24042.88,20866.28
O00747,2025-12-17,C0440,P048,3.0,Card,Delivered,12030.44,8903.65,36091.32,0.0,36091.32,26710.95,9380.37
O00748,2025-10-15,C0100,P027,3.0,UPI,Delivered,7352.79,4560.98,22058.37,0.0,22058.37,13682.94,8375.43
O00749,2025-10-15,C0109,P053,1.0,Net Banking,Refunded,9131.74,4112.66,9131.74,9131.74,0.0,4112.66,-4112.66
O00750,2025-08-14,C0343,P073,2.0,Cash on Delivery,Delivered,8017.96,5695.21,16035.92,0.0,16035.92,11390.42,4645.5
O00751,2026-06-07,C0173,P035,1.0,Card,Delivered,349.19,257.18,349.19,0.0,349.19,257.18,92.01
O00752,2026-06-06,C0237,P051,2.0,Cash on Delivery,Delivered,14740.26,7745.22,29480.52,0.0,29480.52,15490.44,13990.08
O00753,2025-09-30,C0162,P037,1.0,Net Banking,Delivered,4665.94,2341.94,4665.94,0.0,4665.94,2341.94,2324.0
O00754,2026-02-06,C0393,P057,3.0,Card,Delivered,1255.3,644.89,3765.9,0.0,3765.9,1934.67,1831.23
O00755,2025-07-02,C0216,P008,1.0,UPI,Delivered,12118.46,7359.58,12118.46,0.0,12118.46,7359.58,4758.88
O00756,2026-05-03,C0264,P079,4.0,Card,Delivered,7111.7,4863.19,28446.8,0.0,28446.8,19452.76,8994.04
O00757,2025-05-04,C0263,P020,2.0,Cash on Delivery,Delivered,5944.27,3719.68,11888.54,0.0,11888.54,7439.36,4449.18
O00758,2026-02-18,C0292,P053,2.0,Cash on Delivery,Delivered,9131.74,4112.66,18263.48,0.0,18263.48,8225.32,10038.16
O00759,2025-06-21,C0274,P012,3.0,Cash on Delivery,Delivered,7946.47,4438.79,23839.41,0.0,23839.41,13316.37,10523.04
O00760,2025-10-15,C0003,P049,2.0,Cash on Delivery,Delivered,4107.04,1855.14,8214.08,0.0,8214.08,3710.28,4503.8
O00761,2026-03-11,C0028,P017,4.0,UPI,Cancelled,14858.02,6711.03,59432.08,0.0,59432.08,26844.12,32587.96
O00762,2025-04-23,C0326,P064,1.0,Card,Delivered,5946.13,4282.19,5946.13,0.0,5946.13,4282.19,1663.94
O00763,2025-05-02,C0428,P042,3.0,UPI,Delivered,13681.98,6634.74,41045.94,0.0,41045.94,19904.22,21141.72
O00764,2026-06-28,C0149,P029,4.0,UPI,Delivered,4293.8,2741.74,17175.2,0.0,17175.2,10966.96,6208.24
O00765,2025-08-10,C0028,P019,2.0,UPI,Cancelled,3026.45,1410.62,6052.9,0.0,6052.9,2821.24,3231.66
O00766,2025-02-08,C0310,P011,2.0,Cash on Delivery,Delivered,11146.48,5146.21,22292.96,0.0,22292.96,10292.42,12000.54
O00767,2026-05-12,C0438,P050,4.0,Cash on Delivery,Delivered,8951.75,6450.47,35807.0,0.0,35807.0,25801.88,10005.12
O00768,2025-08-21,C0065,P071,1.0,Cash on Delivery,Delivered,7918.43,4032.33,7918.43,0.0,7918.43,4032.33,3886.1
O00769,2026-06-14,C0356,P058,1.0,Card,Delivered,6203.23,2963.61,6203.23,0.0,6203.23,2963.61,3239.62
O00770,2025-05-29,C0021,P034,3.0,Net Banking,Delivered,11064.4,6882.23,33193.2,0.0,33193.2,20646.69,12546.51
O00771,2026-02-01,C0252,P020,2.0,Cash on Delivery,Delivered,5944.27,3719.68,11888.54,0.0,11888.54,7439.36,4449.18
O00772,2025-10-29,C0235,P050,4.0,Card,Delivered,8951.75,6450.47,35807.0,0.0,35807.0,25801.88,10005.12
O00773,2025-12-26,C0227,P010,1.0,Cash on Delivery,Delivered,10026.33,7331.49,10026.33,0.0,10026.33,7331.49,2694.84
O00774,2025-08-26,C0013,P032,3.0,Cash on Delivery,Delivered,5244.65,3856.3,15733.95,0.0,15733.95,11568.9,4165.05
O00775,2025-08-24,C0313,P052,2.0,UPI,Cancelled,13297.72,9971.58,26595.44,0.0,26595.44,19943.16,6652.28
O00776,2025-07-22,C0049,P015,2.0,UPI,Refunded,6437.34,3494.57,12874.68,12874.68,0.0,6989.14,-6989.14
O00777,2025-09-13,C0118,P003,3.0,UPI,Delivered,13309.48,9919.88,39928.44,0.0,39928.44,29759.64,10168.8
O00778,2026-08-21,C0054,P037,3.0,Card,Delivered,4665.94,2341.94,13997.82,0.0,13997.82,7025.82,6972.0
O00779,2025-08-23,C0138,P040,1.0,Net Banking,Delivered,8959.9,4737.71,8959.9,0.0,8959.9,4737.71,4222.19
O00780,2025-12-11,C0053,P072,4.0,Net Banking,Delivered,9079.93,6344.33,36319.72,0.0,36319.72,25377.32,10942.4
O00781,2026-06-18,C0044,P040,2.0,Card,Delivered,8959.9,4737.71,17919.8,0.0,17919.8,9475.42,8444.38
O00782,2026-04-11,C0303,P056,4.0,Cash on Delivery,Delivered,11227.29,6010.72,44909.16,0.0,44909.16,24042.88,20866.28
O00783,2026-06-25,C0053,P023,2.0,Card,Refunded,439.44,327.46,878.88,878.88,0.0,654.92,-654.92
O00784,2025-08-01,C0074,P011,2.0,Cash on Delivery,Delivered,11146.48,5146.21,22292.96,0.0,22292.96,10292.42,12000.54
O00785,2026-04-08,C0046,P064,4.0,Card,Delivered,5946.13,4282.19,23784.52,0.0,23784.52,17128.76,6655.76
O00786,2026-03-12,C0013,P008,3.0,Card,Delivered,12118.46,7359.58,36355.38,0.0,36355.38,22078.74,14276.64
O00787,2025-10-10,C0165,P056,1.0,Card,Delivered,11227.29,6010.72,11227.29,0.0,11227.29,6010.72,5216.57
O00788,2026-07-16,C0102,P060,2.0,Net Banking,Delivered,3689.37,2341.82,7378.74,0.0,7378.74,4683.64,2695.1
O00789,2026-08-30,C0280,P010,3.0,UPI,Delivered,10026.33,7331.49,30078.99,0.0,30078.99,21994.47,8084.52
O00790,2026-04-08,C0258,P039,2.0,Card,Delivered,10818.63,6060.84,21637.26,0.0,21637.26,12121.68,9515.58
O00791,2026-02-11,C0337,P028,1.0,Net Banking,Cancelled,8837.13,6620.33,8837.13,0.0,8837.13,6620.33,2216.8
O00792,2025-03-29,C0356,P049,2.0,UPI,Delivered,4107.04,1855.14,8214.08,0.0,8214.08,3710.28,4503.8
O00793,2025-02-13,C0398,P036,1.0,UPI,Refunded,7169.47,3806.59,7169.47,7169.47,0.0,3806.59,-3806.59
O00794,2026-04-06,C0138,P013,1.0,Card,Delivered,6574.21,4979.47,6574.21,0.0,6574.21,4979.47,1594.74
O00795,2025-10-05,C0163,P036,2.0,Cash on Delivery,Delivered,7169.47,3806.59,14338.94,0.0,14338.94,7613.18,6725.76
O00796,2026-02-25,C0409,P026,2.0,Cash on Delivery,Delivered,852.67,632.13,1705.34,0.0,1705.34,1264.26,441.08
O00797,2025-12-19,C0387,P004,1.0,Cash on Delivery,Delivered,8094.9,5940.38,8094.9,0.0,8094.9,5940.38,2154.52
O00798,2026-05-30,C0111,P064,3.0,Card,Delivered,5946.13,4282.19,17838.39,0.0,17838.39,12846.57,4991.82
O00799,2025-01-19,C0102,P038,4.0,Cash on Delivery,Delivered,12836.48,6455.88,51345.92,0.0,51345.92,25823.52,25522.4
O00800,2025-01-23,C0017,P022,1.0,Net Banking,Delivered,1329.44,646.27,1329.44,0.0,1329.44,646.27,683.17
O00801,2026-02-17,C0268,P002,2.0,Net Banking,Delivered,7371.61,3402.04,14743.22,0.0,14743.22,6804.08,7939.14
O00802,2025-01-30,C0182,P031,2.0,Net Banking,Delivered,1647.98,1037.32,3295.96,0.0,3295.96,2074.64,1221.32
O00803,2025-04-18,C0372,P011,3.0,Net Banking,Delivered,11146.48,5146.21,33439.44,0.0,33439.44,15438.63,18000.81
O00804,2026-01-02,C0024,P046,4.0,UPI,Delivered,2129.23,1633.62,8516.92,0.0,8516.92,6534.48,1982.44
O00805,2025-10-08,C0029,P062,1.0,Net Banking,Delivered,2068.98,1188.23,2068.98,0.0,2068.98,1188.23,880.75
O00806,2025-05-08,C0171,P069,1.0,Cash on Delivery,Delivered,9557.74,6950.77,9557.74,0.0,9557.74,6950.77,2606.97
O00807,2025-08-17,C0409,P064,4.0,Card,Cancelled,5946.13,4282.19,23784.52,0.0,23784.52,17128.76,6655.76
O00808,2025-04-21,C0228,P010,1.0,Cash on Delivery,Delivered,10026.33,7331.49,10026.33,0.0,10026.33,7331.49,2694.84
O00809,2025-05-16,C0378,P040,4.0,Net Banking,Delivered,8959.9,4737.71,35839.6,0.0,35839.6,18950.84,16888.76
O00810,2025-12-28,C0188,P024,2.0,UPI,Delivered,1074.45,835.05,2148.9,0.0,2148.9,1670.1,478.8
O00811,2025-07-05,C0346,P044,4.0,Net Banking,Delivered,1909.17,978.34,7636.68,0.0,7636.68,3913.36,3723.32
O00812,2026-08-07,C0230,P060,1.0,Card,Delivered,3689.37,2341.82,3689.37,0.0,3689.37,2341.82,1347.55
O00813,2025-05-09,C0321,P062,4.0,Cash on Delivery,Cancelled,2068.98,1188.23,8275.92,0.0,8275.92,4752.92,3523.0
O00814,2025-09-18,C0340,P017,3.0,Card,Cancelled,14858.02,6711.03,44574.06,0.0,44574.06,20133.09,24440.97
O00815,2026-05-30,C0119,P065,2.0,Card,Delivered,839.96,413.59,1679.92,0.0,1679.92,827.18,852.74
O00816,2026-03-25,C0156,P057,2.0,Card,Delivered,1255.3,644.89,2510.6,0.0,2510.6,1289.78,1220.82
O00817,2025-04-14,C0272,P055,4.0,Cash on Delivery,Delivered,14841.02,10384.11,59364.08,0.0,59364.08,41536.44,17827.64
O00818,2026-04-28,C0175,P053,1.0,Net Banking,Delivered,9131.74,4112.66,9131.74,0.0,9131.74,4112.66,5019.08
O00819,2025-08-12,C0104,P056,3.0,Card,Delivered,11227.29,6010.72,33681.87,0.0,33681.87,18032.16,15649.71
O00820,2026-05-06,C0092,P009,2.0,Cash on Delivery,Delivered,8214.5,3816.82,16429.0,0.0,16429.0,7633.64,8795.36
O00821,2026-04-18,C0186,P022,2.0,UPI,Delivered,1329.44,646.27,2658.88,0.0,2658.88,1292.54,1366.34
O00822,2025-01-10,C0283,P013,1.0,Cash on Delivery,Delivered,6574.21,4979.47,6574.21,0.0,6574.21,4979.47,1594.74
O00823,2026-02-09,C0181,P048,1.0,UPI,Delivered,12030.44,8903.65,12030.44,0.0,12030.44,8903.65,3126.79
O00824,2025-10-29,C0170,P018,3.0,Cash on Delivery,Delivered,303.49,206.25,910.47,0.0,910.47,618.75,291.72
O00825,2025-08-19,C0187,P076,4.0,Net Banking,Refunded,7520.44,5735.15,30081.76,30081.76,0.0,22940.6,-22940.6
O00826,2025-03-07,C0175,P040,1.0,Card,Delivered,8959.9,4737.71,8959.9,0.0,8959.9,4737.71,4222.19
O00827,2025-04-22,C0222,P017,4.0,Net Banking,Cancelled,14858.02,6711.03,59432.08,0.0,59432.08,26844.12,32587.96
O00828,2025-01-13,C0233,P015,3.0,Cash on Delivery,Delivered,6437.34,3494.57,19312.02,0.0,19312.02,10483.71,8828.31
O00829,2026-01-28,C0162,P015,4.0,Card,Delivered,6437.34,3494.57,25749.36,0.0,25749.36,13978.28,11771.08
O00830,2026-05-15,C0421,P079,2.0,UPI,Cancelled,7111.7,4863.19,14223.4,0.0,14223.4,9726.38,4497.02
O00831,2026-08-21,C0134,P063,4.0,Cash on Delivery,Delivered,990.1,448.51,3960.4,0.0,3960.4,1794.04,2166.36
O00832,2025-08-22,C0391,P039,3.0,Card,Delivered,10818.63,6060.84,32455.89,0.0,32455.89,18182.52,14273.37
O00833,2026-08-25,C0224,P013,3.0,UPI,Delivered,6574.21,4979.47,19722.63,0.0,19722.63,14938.41,4784.22
O00834,2025-11-10,C0153,P032,3.0,UPI,Delivered,5244.65,3856.3,15733.95,0.0,15733.95,11568.9,4165.05
O00835,2026-07-20,C0033,P009,4.0,Net Banking,Delivered,8214.5,3816.82,32858.0,0.0,32858.0,15267.28,17590.72
O00836,2025-01-12,C0055,P040,2.0,Cash on Delivery,Delivered,8959.9,4737.71,17919.8,0.0,17919.8,9475.42,8444.38
O00837,2025-07-28,C0442,P020,1.0,UPI,Refunded,5944.27,3719.68,5944.27,5944.27,0.0,3719.68,-3719.68
O00838,2025-01-14,C0007,P077,2.0,Card,Refunded,14946.14,7546.37,29892.28,29892.28,0.0,15092.74,-15092.74
O00839,2026-02-22,C0244,P080,4.0,UPI,Delivered,9457.18,5733.69,37828.72,0.0,37828.72,22934.76,14893.96
O00840,2026-03-13,C0313,P073,4.0,UPI,Delivered,8017.96,5695.21,32071.84,0.0,32071.84,22780.84,9291.0
O00841,2026-01-12,C0126,P063,1.0,Net Banking,Delivered,990.1,448.51,990.1,0.0,990.1,448.51,541.59
O00842,2025-01-20,C0012,P076,4.0,Net Banking,Delivered,7520.44,5735.15,30081.76,0.0,30081.76,22940.6,7141.16
O00843,2026-08-10,C0016,P044,3.0,Card,Delivered,1909.17,978.34,5727.51,0.0,5727.51,2935.02,2792.49
O00844,2025-03-11,C0208,P038,3.0,Net Banking,Delivered,12836.48,6455.88,38509.44,0.0,38509.44,19367.64,19141.8
O00845,2025-07-30,C0043,P060,3.0,UPI,Delivered,3689.37,2341.82,11068.11,0.0,11068.11,7025.46,4042.65
O00846,2025-04-11,C0373,P071,3.0,UPI,Delivered,7918.43,4032.33,23755.29,0.0,23755.29,12096.99,11658.3
O00847,2025-05-12,C0135,P048,3.0,Net Banking,Delivered,12030.44,8903.65,36091.32,0.0,36091.32,26710.95,9380.37
O00848,2026-01-16,C0228,P018,4.0,UPI,Refunded,303.49,206.25,1213.96,1213.96,0.0,825.0,-825.0
O00849,2025-05-12,C0111,P016,1.0,UPI,Refunded,7090.56,3781.92,7090.56,7090.56,0.0,3781.92,-3781.92
O00850,2025-01-20,C0307,P055,1.0,Card,Delivered,14841.02,10384.11,14841.02,0.0,14841.02,10384.11,4456.91
O00851,2026-06-20,C0160,P039,3.0,Net Banking,Delivered,10818.63,6060.84,32455.89,0.0,32455.89,18182.52,14273.37
O00852,2025-08-15,C0331,P068,4.0,UPI,Refunded,12071.31,7153.93,48285.24,48285.24,0.0,28615.72,-28615.72
O00853,2025-06-03,C0264,P059,2.0,Net Banking,Delivered,12616.04,7036.26,25232.08,0.0,25232.08,14072.52,11159.56
O00854,2026-04-14,C0225,P062,2.0,Card,Delivered,2068.98,1188.23,4137.96,0.0,4137.96,2376.46,1761.5
O00855,2026-02-09,C0217,P013,4.0,Net Banking,Delivered,6574.21,4979.47,26296.84,0.0,26296.84,19917.88,6378.96
O00856,2025-07-21,C0045,P006,3.0,UPI,Delivered,6245.94,3616.94,18737.82,0.0,18737.82,10850.82,7887.0
O00857,2025-02-07,C0214,P077,1.0,Net Banking,Delivered,14946.14,7546.37,14946.14,0.0,14946.14,7546.37,7399.77
O00858,2025-07-07,C0059,P060,4.0,UPI,Delivered,3689.37,2341.82,14757.48,0.0,14757.48,9367.28,5390.2
O00859,2025-02-26,C0132,P014,2.0,UPI,Delivered,13186.98,9133.57,26373.96,0.0,26373.96,18267.14,8106.82
O00860,2025-01-20,C0104,P054,2.0,UPI,Delivered,13584.74,8606.48,27169.48,0.0,27169.48,17212.96,9956.52
O00861,2025-09-30,C0195,P004,2.0,Card,Refunded,8094.9,5940.38,16189.8,16189.8,0.0,11880.76,-11880.76
O00862,2025-04-29,C0413,P039,3.0,Net Banking,Delivered,10818.63,6060.84,32455.89,0.0,32455.89,18182.52,14273.37
O00863,2026-08-06,C0157,P072,2.0,Card,Delivered,9079.93,6344.33,18159.86,0.0,18159.86,12688.66,5471.2
O00864,2026-05-31,C0098,P025,4.0,Net Banking,Delivered,1601.59,753.23,6406.36,0.0,6406.36,3012.92,3393.44
O00865,2025-08-09,C0226,P077,4.0,Card,Delivered,14946.14,7546.37,59784.56,0.0,59784.56,30185.48,29599.08
O00866,2026-06-10,C0412,P032,2.0,Cash on Delivery,Delivered,5244.65,3856.3,10489.3,0.0,10489.3,7712.6,2776.7
O00867,2026-05-30,C0205,P059,4.0,UPI,Cancelled,12616.04,7036.26,50464.16,0.0,50464.16,28145.04,22319.12
O00868,2025-12-02,C0079,P063,2.0,UPI,Delivered,990.1,448.51,1980.2,0.0,1980.2,897.02,1083.18
O00869,2025-02-24,C0124,P038,2.0,Card,Delivered,12836.48,6455.88,25672.96,0.0,25672.96,12911.76,12761.2
O00870,2026-05-15,C0428,P053,1.0,Cash on Delivery,Delivered,9131.74,4112.66,9131.74,0.0,9131.74,4112.66,5019.08
O00871,2026-06-20,C0218,P067,3.0,UPI,Delivered,12445.22,5676.03,37335.66,0.0,37335.66,17028.09,20307.57
O00872,2025-06-11,C0004,P028,3.0,Net Banking,Delivered,8837.13,6620.33,26511.39,0.0,26511.39,19860.99,6650.4
O00873,2026-08-17,C0090,P003,1.0,Card,Refunded,13309.48,9919.88,13309.48,13309.48,0.0,9919.88,-9919.88
O00874,2025-06-08,C0104,P080,1.0,UPI,Delivered,9457.18,5733.69,9457.18,0.0,9457.18,5733.69,3723.49
O00875,2025-07-07,C0393,P022,3.0,UPI,Delivered,1329.44,646.27,3988.32,0.0,3988.32,1938.81,2049.51
O00876,2025-03-01,C0119,P038,2.0,Card,Refunded,12836.48,6455.88,25672.96,25672.96,0.0,12911.76,-12911.76
O00877,2025-11-15,C0133,P072,2.0,Card,Delivered,9079.93,6344.33,18159.86,0.0,18159.86,12688.66,5471.2
O00878,2025-07-30,C0312,P072,3.0,Net Banking,Delivered,9079.93,6344.33,27239.79,0.0,27239.79,19032.99,8206.8
O00879,2026-02-10,C0096,P062,2.0,Net Banking,Delivered,2068.98,1188.23,4137.96,0.0,4137.96,2376.46,1761.5
O00880,2025-04-19,C0434,P057,1.0,UPI,Delivered,1255.3,644.89,1255.3,0.0,1255.3,644.89,610.41
O00881,2025-03-17,C0331,P006,2.0,UPI,Delivered,6245.94,3616.94,12491.88,0.0,12491.88,7233.88,5258.0
O00882,2026-06-26,C0143,P078,2.0,Card,Cancelled,13492.31,9504.32,26984.62,0.0,26984.62,19008.64,7975.98
O00883,2025-11-10,C0288,P032,4.0,UPI,Delivered,5244.65,3856.3,20978.6,0.0,20978.6,15425.2,5553.4
O00884,2025-04-27,C0028,P010,4.0,UPI,Delivered,10026.33,7331.49,40105.32,0.0,40105.32,29325.96,10779.36
O00885,2025-01-19,C0278,P003,4.0,Card,Delivered,13309.48,9919.88,53237.92,0.0,53237.92,39679.52,13558.4
O00886,2026-03-08,C0233,P059,2.0,UPI,Delivered,12616.04,7036.26,25232.08,0.0,25232.08,14072.52,11159.56
O00887,2025-12-16,C0017,P076,3.0,UPI,Delivered,7520.44,5735.15,22561.32,0.0,22561.32,17205.45,5355.87
O00888,2025-07-02,C0059,P049,1.0,Cash on Delivery,Delivered,4107.04,1855.14,4107.04,0.0,4107.04,1855.14,2251.9
O00889,2025-04-23,C0090,P059,2.0,Net Banking,Delivered,12616.04,7036.26,25232.08,0.0,25232.08,14072.52,11159.56
O00890,2025-07-02,C0199,P031,3.0,Card,Delivered,1647.98,1037.32,4943.94,0.0,4943.94,3111.96,1831.98
O00891,2026-04-26,C0362,P069,2.0,Cash on Delivery,Delivered,9557.74,6950.77,19115.48,0.0,19115.48,13901.54,5213.94
O00892,2025-05-26,C0441,P062,1.0,Net Banking,Delivered,2068.98,1188.23,2068.98,0.0,2068.98,1188.23,880.75
O00893,2025-04-23,C0026,P052,2.0,Net Banking,Delivered,13297.72,9971.58,26595.44,0.0,26595.44,19943.16,6652.28
O00894,2026-04-21,C0025,P041,1.0,Net Banking,Delivered,4375.8,3312.17,4375.8,0.0,4375.8,3312.17,1063.63
O00895,2025-10-30,C0394,P031,2.0,Cash on Delivery,Delivered,1647.98,1037.32,3295.96,0.0,3295.96,2074.64,1221.32
O00896,2025-04-28,C0301,P022,1.0,Cash on Delivery,Delivered,1329.44,646.27,1329.44,0.0,1329.44,646.27,683.17
O00897,2025-06-10,C0339,P004,2.0,Net Banking,Delivered,8094.9,5940.38,16189.8,0.0,16189.8,11880.76,4309.04
O00898,2026-02-05,C0267,P013,1.0,UPI,Refunded,6574.21,4979.47,6574.21,6574.21,0.0,4979.47,-4979.47
O00899,2025-07-17,C0181,P045,4.0,UPI,Delivered,6056.96,4487.85,24227.84,0.0,24227.84,17951.4,6276.44
O00900,2025-09-17,C0360,P042,2.0,Cash on Delivery,Refunded,13681.98,6634.74,27363.96,27363.96,0.0,13269.48,-13269.48
O00901,2025-02-16,C0068,P049,2.0,Cash on Delivery,Delivered,4107.04,1855.14,8214.08,0.0,8214.08,3710.28,4503.8
O00902,2026-02-03,C0351,P020,3.0,Cash on Delivery,Delivered,5944.27,3719.68,17832.81,0.0,17832.81,11159.04,6673.77
O00903,2026-07-13,C0412,P077,3.0,Net Banking,Delivered,14946.14,7546.37,44838.42,0.0,44838.42,22639.11,22199.31
O00904,2025-03-19,C0321,P054,1.0,UPI,Refunded,13584.74,8606.48,13584.74,13584.74,0.0,8606.48,-8606.48
O00905,2025-05-04,C0049,P036,2.0,Cash on Delivery,Delivered,7169.47,3806.59,14338.94,0.0,14338.94,7613.18,6725.76
O00906,2025-03-16,C0175,P001,1.0,Cash on Delivery,Delivered,8541.95,5952.01,8541.95,0.0,8541.95,5952.01,2589.94
O00907,2025-05-17,C0052,P015,4.0,Card,Refunded,6437.34,3494.57,25749.36,25749.36,0.0,13978.28,-13978.28
O00908,2026-08-25,C0102,P077,3.0,Net Banking,Delivered,14946.14,7546.37,44838.42,0.0,44838.42,22639.11,22199.31
O00909,2026-02-04,C0216,P017,1.0,Card,Delivered,14858.02,6711.03,14858.02,0.0,14858.02,6711.03,8146.99
O00910,2026-05-20,C0438,P024,1.0,UPI,Delivered,1074.45,835.05,1074.45,0.0,1074.45,835.05,239.4
O00911,2026-05-15,C0188,P058,3.0,Card,Delivered,6203.23,2963.61,18609.69,0.0,18609.69,8890.83,9718.86
O00912,2026-07-27,C0057,P072,2.0,Card,Delivered,9079.93,6344.33,18159.86,0.0,18159.86,12688.66,5471.2
O00913,2025-05-18,C0047,P023,1.0,Card,Delivered,439.44,327.46,439.44,0.0,439.44,327.46,111.98
O00914,2025-02-19,C0159,P046,3.0,Net Banking,Delivered,2129.23,1633.62,6387.69,0.0,6387.69,4900.86,1486.83
O00915,2025-09-11,C0174,P072,2.0,UPI,Delivered,9079.93,6344.33,18159.86,0.0,18159.86,12688.66,5471.2
O00916,2026-07-17,C0242,P008,4.0,Card,Refunded,12118.46,7359.58,48473.84,48473.84,0.0,29438.32,-29438.32
O00917,2026-03-02,C0282,P059,3.0,Net Banking,Cancelled,12616.04,7036.26,37848.12,0.0,37848.12,21108.78,16739.34
O00918,2026-07-01,C0241,P059,1.0,UPI,Delivered,12616.04,7036.26,12616.04,0.0,12616.04,7036.26,5579.78
O00919,2025-10-29,C0370,P013,4.0,Cash on Delivery,Delivered,6574.21,4979.47,26296.84,0.0,26296.84,19917.88,6378.96
O00920,2026-08-04,C0005,P039,2.0,Card,Delivered,10818.63,6060.84,21637.26,0.0,21637.26,12121.68,9515.58
O00921,2025-12-15,C0084,P028,2.0,UPI,Delivered,8837.13,6620.33,17674.26,0.0,17674.26,13240.66,4433.6
O00922,2025-02-18,C0308,P061,3.0,Card,Delivered,12510.45,6107.96,37531.35,0.0,37531.35,18323.88,19207.47
O00923,2025-03-15,C0361,P016,3.0,Cash on Delivery,Delivered,7090.56,3781.92,21271.68,0.0,21271.68,11345.76,9925.92
O00924,2025-09-18,C0248,P002,3.0,UPI,Delivered,7371.61,3402.04,22114.83,0.0,22114.83,10206.12,11908.71
O00925,2025-12-22,C0054,P017,2.0,Net Banking,Delivered,14858.02,6711.03,29716.04,0.0,29716.04,13422.06,16293.98
O00926,2026-08-05,C0161,P030,4.0,UPI,Delivered,6154.82,4114.48,24619.28,0.0,24619.28,16457.92,8161.36
O00927,2026-08-25,C0434,P013,2.0,Net Banking,Delivered,6574.21,4979.47,13148.42,0.0,13148.42,9958.94,3189.48
O00928,2025-09-17,C0422,P013,1.0,UPI,Delivered,6574.21,4979.47,6574.21,0.0,6574.21,4979.47,1594.74
O00929,2025-10-22,C0411,P043,2.0,Net Banking,Delivered,962.98,655.47,1925.96,0.0,1925.96,1310.94,615.02
O00930,2025-11-09,C0226,P021,1.0,Cash on Delivery,Delivered,14009.07,10751.96,14009.07,0.0,14009.07,10751.96,3257.11
O00931,2025-07-01,C0015,P055,4.0,Cash on Delivery,Delivered,14841.02,10384.11,59364.08,0.0,59364.08,41536.44,17827.64
O00932,2025-12-30,C0224,P040,3.0,Cash on Delivery,Delivered,8959.9,4737.71,26879.7,0.0,26879.7,14213.13,12666.57
O00933,2025-07-07,C0061,P015,3.0,UPI,Delivered,6437.34,3494.57,19312.02,0.0,19312.02,10483.71,8828.31
O00934,2026-07-23,C0122,P073,2.0,Cash on Delivery,Delivered,8017.96,5695.21,16035.92,0.0,16035.92,11390.42,4645.5
O00935,2026-06-27,C0277,P052,3.0,Card,Delivered,13297.72,9971.58,39893.16,0.0,39893.16,29914.74,9978.42
O00936,2026-08-19,C0046,P074,4.0,Cash on Delivery,Delivered,4125.43,2092.99,16501.72,0.0,16501.72,8371.96,8129.76
O00937,2026-07-02,C0390,P053,3.0,Net Banking,Delivered,9131.74,4112.66,27395.22,0.0,27395.22,12337.98,15057.24
O00938,2026-02-12,C0294,P052,2.0,Net Banking,Refunded,13297.72,9971.58,26595.44,26595.44,0.0,19943.16,-19943.16
O00939,2026-02-18,C0062,P030,4.0,Net Banking,Delivered,6154.82,4114.48,24619.28,0.0,24619.28,16457.92,8161.36
O00940,2025-12-08,C0086,P033,1.0,UPI,Delivered,7981.03,5524.39,7981.03,0.0,7981.03,5524.39,2456.64
O00941,2025-08-08,C0446,P057,2.0,Card,Cancelled,1255.3,644.89,2510.6,0.0,2510.6,1289.78,1220.82
O00942,2025-06-12,C0210,P052,1.0,Cash on Delivery,Delivered,13297.72,9971.58,13297.72,0.0,13297.72,9971.58,3326.14
O00943,2025-08-08,C0078,P009,4.0,Card,Delivered,8214.5,3816.82,32858.0,0.0,32858.0,15267.28,17590.72
O00944,2025-09-27,C0202,P054,2.0,Card,Delivered,13584.74,8606.48,27169.48,0.0,27169.48,17212.96,9956.52
O00945,2026-02-04,C0302,P001,2.0,Net Banking,Delivered,8541.95,5952.01,17083.9,0.0,17083.9,11904.02,5179.88
O00946,2025-07-01,C0397,P044,4.0,Net Banking,Delivered,1909.17,978.34,7636.68,0.0,7636.68,3913.36,3723.32
O00947,2025-07-24,C0223,P075,3.0,Net Banking,Delivered,7874.14,5546.4,23622.42,0.0,23622.42,16639.2,6983.22
O00948,2026-08-05,C0222,P080,2.0,UPI,Refunded,9457.18,5733.69,18914.36,18914.36,0.0,11467.38,-11467.38
O00949,2026-07-10,C0003,P009,2.0,Card,Cancelled,8214.5,3816.82,16429.0,0.0,16429.0,7633.64,8795.36
O00950,2025-08-16,C0006,P032,1.0,Card,Delivered,5244.65,3856.3,5244.65,0.0,5244.65,3856.3,1388.35
O00951,2026-08-19,C0093,P015,3.0,UPI,Delivered,6437.34,3494.57,19312.02,0.0,19312.02,10483.71,8828.31
O00952,2025-09-07,C0008,P012,1.0,UPI,Delivered,7946.47,4438.79,7946.47,0.0,7946.47,4438.79,3507.68
O00953,2026-03-17,C0428,P078,1.0,UPI,Delivered,13492.31,9504.32,13492.31,0.0,13492.31,9504.32,3987.99
O00954,2026-06-17,C0235,P057,3.0,Card,Delivered,1255.3,644.89,3765.9,0.0,3765.9,1934.67,1831.23
O00955,2025-07-15,C0108,P008,3.0,Card,Delivered,12118.46,7359.58,36355.38,0.0,36355.38,22078.74,14276.64
O00956,2026-06-03,C0161,P072,4.0,Net Banking,Refunded,9079.93,6344.33,36319.72,36319.72,0.0,25377.32,-25377.32
O00957,2025-03-11,C0209,P027,3.0,Net Banking,Cancelled,7352.79,4560.98,22058.37,0.0,22058.37,13682.94,8375.43
O00958,2026-02-03,C0240,P062,2.0,Card,Delivered,2068.98,1188.23,4137.96,0.0,4137.96,2376.46,1761.5
O00959,2025-07-22,C0331,P012,3.0,Net Banking,Delivered,7946.47,4438.79,23839.41,0.0,23839.41,13316.37,10523.04
O00960,2025-05-28,C0333,P065,4.0,UPI,Delivered,839.96,413.59,3359.84,0.0,3359.84,1654.36,1705.48
O00961,2026-04-17,C0050,P042,4.0,Cash on Delivery,Delivered,13681.98,6634.74,54727.92,0.0,54727.92,26538.96,28188.96
O00962,2025-07-18,C0011,P062,4.0,Net Banking,Delivered,2068.98,1188.23,8275.92,0.0,8275.92,4752.92,3523.0
O00963,2026-03-02,C0351,P011,3.0,Card,Delivered,11146.48,5146.21,33439.44,0.0,33439.44,15438.63,18000.81
O00964,2026-05-07,C0156,P043,3.0,Net Banking,Delivered,962.98,655.47,2888.94,0.0,2888.94,1966.41,922.53
O00965,2025-05-22,C0070,P017,1.0,Net Banking,Delivered,14858.02,6711.03,14858.02,0.0,14858.02,6711.03,8146.99
O00966,2025-11-09,C0169,P032,1.0,Net Banking,Delivered,5244.65,3856.3,5244.65,0.0,5244.65,3856.3,1388.35
O00967,2025-06-14,C0272,P040,2.0,Cash on Delivery,Delivered,8959.9,4737.71,17919.8,0.0,17919.8,9475.42,8444.38
O00968,2025-11-10,C0068,P023,1.0,UPI,Delivered,439.44,327.46,439.44,0.0,439.44,327.46,111.98
O00969,2025-01-21,C0355,P056,2.0,Card,Delivered,11227.29,6010.72,22454.58,0.0,22454.58,12021.44,10433.14
O00970,2025-03-23,C0252,P006,4.0,Cash on Delivery,Delivered,6245.94,3616.94,24983.76,0.0,24983.76,14467.76,10516.0
O00971,2026-08-04,C0048,P050,1.0,Card,Delivered,8951.75,6450.47,8951.75,0.0,8951.75,6450.47,2501.28
O00972,2025-05-11,C0184,P037,3.0,Card,Delivered,4665.94,2341.94,13997.82,0.0,13997.82,7025.82,6972.0
O00973,2026-08-22,C0320,P064,1.0,Card,Delivered,5946.13,4282.19,5946.13,0.0,5946.13,4282.19,1663.94
O00974,2025-11-01,C0187,P054,2.0,Cash on Delivery,Delivered,13584.74,8606.48,27169.48,0.0,27169.48,17212.96,9956.52
O00975,2026-01-06,C0090,P072,1.0,UPI,Delivered,9079.93,6344.33,9079.93,0.0,9079.93,6344.33,2735.6
O00976,2026-01-19,C0446,P049,4.0,Card,Delivered,4107.04,1855.14,16428.16,0.0,16428.16,7420.56,9007.6
O00977,2026-03-21,C0332,P011,3.0,UPI,Delivered,11146.48,5146.21,33439.44,0.0,33439.44,15438.63,18000.81
O00978,2026-03-01,C0139,P049,2.0,UPI,Delivered,4107.04,1855.14,8214.08,0.0,8214.08,3710.28,4503.8
O00979,2025-06-10,C0357,P021,3.0,Net Banking,Delivered,14009.07,10751.96,42027.21,0.0,42027.21,32255.88,9771.33
O00980,2025-06-27,C0089,P066,3.0,Cash on Delivery,Delivered,14371.87,7811.16,43115.61,0.0,43115.61,23433.48,19682.13
O00981,2026-05-05,C0274,P063,2.0,Cash on Delivery,Delivered,990.1,448.51,1980.2,0.0,1980.2,897.02,1083.18
O00982,2025-11-23,C0019,P028,3.0,Net Banking,Delivered,8837.13,6620.33,26511.39,0.0,26511.39,19860.99,6650.4
O00983,2026-08-21,C0311,P017,3.0,Net Banking,Delivered,14858.02,6711.03,44574.06,0.0,44574.06,20133.09,24440.97
O00984,2025-10-16,C0358,P006,1.0,UPI,Delivered,6245.94,3616.94,6245.94,0.0,6245.94,3616.94,2629.0
O00985,2026-08-16,C0374,P019,3.0,Card,Delivered,3026.45,1410.62,9079.35,0.0,9079.35,4231.86,4847.49
O00986,2026-07-27,C0154,P056,3.0,Cash on Delivery,Delivered,11227.29,6010.72,33681.87,0.0,33681.87,18032.16,15649.71
O00987,2026-07-27,C0390,P028,3.0,Card,Refunded,8837.13,6620.33,26511.39,26511.39,0.0,19860.99,-19860.99
O00988,2025-12-20,C0260,P066,3.0,Card,Delivered,14371.87,7811.16,43115.61,0.0,43115.61,23433.48,19682.13
O00989,2025-01-28,C0108,P038,2.0,Net Banking,Cancelled,12836.48,6455.88,25672.96,0.0,25672.96,12911.76,12761.2
O00990,2025-02-12,C0371,P037,4.0,Card,Cancelled,4665.94,2341.94,18663.76,0.0,18663.76,9367.76,9296.0
O00991,2026-02-27,C0285,P068,1.0,UPI,Delivered,12071.31,7153.93,12071.31,0.0,12071.31,7153.93,4917.38
O00992,2026-08-21,C0059,P049,3.0,Net Banking,Delivered,4107.04,1855.14,12321.12,0.0,12321.12,5565.42,6755.7
O00993,2025-06-26,C0125,P043,3.0,Card,Delivered,962.98,655.47,2888.94,0.0,2888.94,1966.41,922.53
O00994,2026-06-13,C0354,P036,2.0,Net Banking,Refunded,7169.47,3806.59,14338.94,14338.94,0.0,7613.18,-7613.18
O00995,2026-05-09,C0273,P058,4.0,UPI,Delivered,6203.23,2963.61,24812.92,0.0,24812.92,11854.44,12958.48
O00996,2025-07-17,C0107,P013,3.0,UPI,Delivered,6574.21,4979.47,19722.63,0.0,19722.63,14938.41,4784.22
O00997,2026-07-31,C0299,P052,2.0,Card,Delivered,13297.72,9971.58,26595.44,0.0,26595.44,19943.16,6652.28
O00998,2026-06-01,C0245,P058,1.0,Net Banking,Delivered,6203.23,2963.61,6203.23,0.0,6203.23,2963.61,3239.62
O00999,2026-05-29,C0336,P032,1.0,Card,Delivered,5244.65,3856.3,5244.65,0.0,5244.65,3856.3,1388.35
O01000,2025-01-22,C0450,P060,3.0,Card,Delivered,3689.37,2341.82,11068.11,0.0,11068.11,7025.46,4042.65
O01001,2025-04-22,C0418,P058,3.0,Net Banking,Delivered,6203.23,2963.61,18609.69,0.0,18609.69,8890.83,9718.86
O01002,2025-02-26,C0247,P056,4.0,Card,Cancelled,11227.29,6010.72,44909.16,0.0,44909.16,24042.88,20866.28
O01003,2025-03-07,C0008,P028,4.0,UPI,Delivered,8837.13,6620.33,35348.52,0.0,35348.52,26481.32,8867.2
O01004,2025-04-08,C0141,P001,3.0,Net Banking,Delivered,8541.95,5952.01,25625.85,0.0,25625.85,17856.03,7769.82
O01005,2025-05-24,C0362,P042,2.0,Net Banking,Delivered,13681.98,6634.74,27363.96,0.0,27363.96,13269.48,14094.48
O01006,2026-03-11,C0008,P048,4.0,Net Banking,Delivered,12030.44,8903.65,48121.76,0.0,48121.76,35614.6,12507.16
O01007,2025-03-27,C0352,P040,3.0,Net Banking,Delivered,8959.9,4737.71,26879.7,0.0,26879.7,14213.13,12666.57
O01008,2026-08-11,C0094,P063,4.0,Card,Delivered,990.1,448.51,3960.4,0.0,3960.4,1794.04,2166.36
O01009,2025-12-10,C0321,P076,3.0,Card,Delivered,7520.44,5735.15,22561.32,0.0,22561.32,17205.45,5355.87
O01010,2025-10-21,C0427,P072,1.0,UPI,Delivered,9079.93,6344.33,9079.93,0.0,9079.93,6344.33,2735.6
O01011,2026-07-25,C0039,P080,3.0,Cash on Delivery,Delivered,9457.18,5733.69,28371.54,0.0,28371.54,17201.07,11170.47
O01012,2025-08-31,C0081,P004,1.0,Cash on Delivery,Delivered,8094.9,5940.38,8094.9,0.0,8094.9,5940.38,2154.52
O01013,2026-07-15,C0187,P038,4.0,UPI,Delivered,12836.48,6455.88,51345.92,0.0,51345.92,25823.52,25522.4
O01014,2025-02-01,C0084,P027,3.0,Cash on Delivery,Delivered,7352.79,4560.98,22058.37,0.0,22058.37,13682.94,8375.43
O01015,2026-01-26,C0088,P009,4.0,UPI,Delivered,8214.5,3816.82,32858.0,0.0,32858.0,15267.28,17590.72
O01016,2025-10-04,C0242,P016,1.0,Card,Delivered,7090.56,3781.92,7090.56,0.0,7090.56,3781.92,3308.64
O01017,2026-06-16,C0342,P056,3.0,Net Banking,Delivered,11227.29,6010.72,33681.87,0.0,33681.87,18032.16,15649.71
O01018,2025-06-03,C0093,P076,4.0,Net Banking,Delivered,7520.44,5735.15,30081.76,0.0,30081.76,22940.6,7141.16
O01019,2026-01-18,C0086,P031,1.0,Card,Refunded,1647.98,1037.32,1647.98,1647.98,0.0,1037.32,-1037.32
O01020,2025-03-09,C0044,P014,4.0,Net Banking,Cancelled,13186.98,9133.57,52747.92,0.0,52747.92,36534.28,16213.64
O01021,2025-08-02,C0137,P025,2.0,Net Banking,Delivered,1601.59,753.23,3203.18,0.0,3203.18,1506.46,1696.72
O01022,2026-01-11,C0421,P034,1.0,Cash on Delivery,Delivered,11064.4,6882.23,11064.4,0.0,11064.4,6882.23,4182.17
O01023,2025-08-01,C0074,P067,1.0,Card,Delivered,12445.22,5676.03,12445.22,0.0,12445.22,5676.03,6769.19
O01024,2025-03-20,C0036,P024,1.0,Cash on Delivery,Delivered,1074.45,835.05,1074.45,0.0,1074.45,835.05,239.4
O01025,2026-08-27,C0101,P073,3.0,Cash on Delivery,Delivered,8017.96,5695.21,24053.88,0.0,24053.88,17085.63,6968.25
O01026,2026-01-16,C0156,P026,3.0,Net Banking,Delivered,852.67,632.13,2558.01,0.0,2558.01,1896.39,661.62
O01027,2025-02-27,C0426,P020,3.0,Net Banking,Delivered,5944.27,3719.68,17832.81,0.0,17832.81,11159.04,6673.77
O01028,2025-01-26,C0255,P064,2.0,Card,Delivered,5946.13,4282.19,11892.26,0.0,11892.26,8564.38,3327.88
O01029,2026-03-23,C0171,P010,2.0,Net Banking,Delivered,10026.33,7331.49,20052.66,0.0,20052.66,14662.98,5389.68
O01030,2025-03-07,C0216,P067,1.0,Net Banking,Delivered,12445.22,5676.03,12445.22,0.0,12445.22,5676.03,6769.19
O01031,2025-09-11,C0170,P024,2.0,Card,Delivered,1074.45,835.05,2148.9,0.0,2148.9,1670.1,478.8
O01032,2025-02-13,C0252,P005,4.0,Net Banking,Delivered,6783.17,4076.36,27132.68,0.0,27132.68,16305.44,10827.24
O01033,2025-04-07,C0360,P067,1.0,Cash on Delivery,Delivered,12445.22,5676.03,12445.22,0.0,12445.22,5676.03,6769.19
O01034,2026-07-08,C0322,P058,1.0,Card,Delivered,6203.23,2963.61,6203.23,0.0,6203.23,2963.61,3239.62
O01035,2025-08-15,C0055,P027,4.0,Net Banking,Delivered,7352.79,4560.98,29411.16,0.0,29411.16,18243.92,11167.24
O01036,2026-03-12,C0432,P080,1.0,UPI,Delivered,9457.18,5733.69,9457.18,0.0,9457.18,5733.69,3723.49
O01037,2026-08-24,C0091,P015,2.0,Card,Delivered,6437.34,3494.57,12874.68,0.0,12874.68,6989.14,5885.54
O01038,2026-01-14,C0278,P035,3.0,Card,Delivered,349.19,257.18,1047.57,0.0,1047.57,771.54,276.03
O01039,2025-06-27,C0101,P076,4.0,UPI,Delivered,7520.44,5735.15,30081.76,0.0,30081.76,22940.6,7141.16
O01040,2026-03-03,C0155,P053,2.0,Net Banking,Cancelled,9131.74,4112.66,18263.48,0.0,18263.48,8225.32,10038.16
O01041,2025-11-03,C0377,P044,4.0,Net Banking,Delivered,1909.17,978.34,7636.68,0.0,7636.68,3913.36,3723.32
O01042,2026-05-19,C0349,P026,4.0,Card,Delivered,852.67,632.13,3410.68,0.0,3410.68,2528.52,882.16
O01043,2025-09-25,C0364,P047,1.0,Card,Delivered,14359.31,8667.35,14359.31,0.0,14359.31,8667.35,5691.96
O01044,2026-08-09,C0141,P034,1.0,Net Banking,Delivered,11064.4,6882.23,11064.4,0.0,11064.4,6882.23,4182.17
O01045,2025-01-08,C0173,P050,2.0,Net Banking,Delivered,8951.75,6450.47,17903.5,0.0,17903.5,12900.94,5002.56
O01046,2026-05-23,C0010,P012,4.0,Cash on Delivery,Delivered,7946.47,4438.79,31785.88,0.0,31785.88,17755.16,14030.72
O01047,2026-04-21,C0228,P004,1.0,Card,Delivered,8094.9,5940.38,8094.9,0.0,8094.9,5940.38,2154.52
O01048,2025-10-24,C0265,P048,1.0,Card,Delivered,12030.44,8903.65,12030.44,0.0,12030.44,8903.65,3126.79
O01049,2025-06-13,C0438,P055,4.0,UPI,Delivered,14841.02,10384.11,59364.08,0.0,59364.08,41536.44,17827.64
O01050,2026-04-30,C0248,P001,2.0,Cash on Delivery,Cancelled,8541.95,5952.01,17083.9,0.0,17083.9,11904.02,5179.88
O01051,2026-08-20,C0247,P066,2.0,Net Banking,Delivered,14371.87,7811.16,28743.74,0.0,28743.74,15622.32,13121.42
O01052,2025-03-13,C0155,P030,4.0,Cash on Delivery,Delivered,6154.82,4114.48,24619.28,0.0,24619.28,16457.92,8161.36
O01053,2026-07-21,C0034,P003,2.0,Net Banking,Delivered,13309.48,9919.88,26618.96,0.0,26618.96,19839.76,6779.2
O01054,2026-07-13,C0129,P021,1.0,Net Banking,Delivered,14009.07,10751.96,14009.07,0.0,14009.07,10751.96,3257.11
O01055,2025-08-26,C0160,P049,4.0,Cash on Delivery,Delivered,4107.04,1855.14,16428.16,0.0,16428.16,7420.56,9007.6
O01056,2025-04-14,C0089,P062,1.0,Card,Delivered,2068.98,1188.23,2068.98,0.0,2068.98,1188.23,880.75
O01057,2025-07-29,C0093,P038,3.0,Net Banking,Cancelled,12836.48,6455.88,38509.44,0.0,38509.44,19367.64,19141.8
O01058,2026-07-08,C0327,P015,3.0,Cash on Delivery,Delivered,6437.34,3494.57,19312.02,0.0,19312.02,10483.71,8828.31
O01059,2026-04-13,C0241,P052,2.0,UPI,Delivered,13297.72,9971.58,26595.44,0.0,26595.44,19943.16,6652.28
O01060,2026-03-30,C0323,P079,3.0,Cash on Delivery,Delivered,7111.7,4863.19,21335.1,0.0,21335.1,14589.57,6745.53
O01061,2025-09-25,C0404,P046,1.0,UPI,Delivered,2129.23,1633.62,2129.23,0.0,2129.23,1633.62,495.61
O01062,2026-01-21,C0117,P025,3.0,Net Banking,Delivered,1601.59,753.23,4804.77,0.0,4804.77,2259.69,2545.08
O01063,2026-01-22,C0094,P021,1.0,Cash on Delivery,Delivered,14009.07,10751.96,14009.07,0.0,14009.07,10751.96,3257.11
O01064,2025-09-16,C0163,P005,2.0,Cash on Delivery,Delivered,6783.17,4076.36,13566.34,0.0,13566.34,8152.72,5413.62
O01065,2025-10-10,C0099,P070,2.0,UPI,Delivered,3479.96,2016.32,6959.92,0.0,6959.92,4032.64,2927.28
O01066,2025-02-09,C0113,P047,1.0,Cash on Delivery,Delivered,14359.31,8667.35,14359.31,0.0,14359.31,8667.35,5691.96
O01067,2026-05-01,C0359,P068,3.0,Cash on Delivery,Refunded,12071.31,7153.93,36213.93,36213.93,0.0,21461.79,-21461.79
O01068,2025-08-08,C0091,P018,2.0,Net Banking,Delivered,303.49,206.25,606.98,0.0,606.98,412.5,194.48
O01069,2025-05-09,C0346,P021,4.0,Cash on Delivery,Delivered,14009.07,10751.96,56036.28,0.0,56036.28,43007.84,13028.44
O01070,2026-06-04,C0206,P023,2.0,Card,Delivered,439.44,327.46,878.88,0.0,878.88,654.92,223.96
O01071,2025-09-17,C0017,P064,3.0,UPI,Delivered,5946.13,4282.19,17838.39,0.0,17838.39,12846.57,4991.82
O01072,2026-01-01,C0274,P067,4.0,Cash on Delivery,Delivered,12445.22,5676.03,49780.88,0.0,49780.88,22704.12,27076.76
O01073,2026-06-28,C0173,P040,3.0,UPI,Delivered,8959.9,4737.71,26879.7,0.0,26879.7,14213.13,12666.57
O01074,2026-06-08,C0116,P010,1.0,UPI,Refunded,10026.33,7331.49,10026.33,10026.33,0.0,7331.49,-7331.49
O01075,2025-01-16,C0349,P052,4.0,UPI,Delivered,13297.72,9971.58,53190.88,0.0,53190.88,39886.32,13304.56
O01076,2025-05-09,C0181,P072,3.0,Cash on Delivery,Delivered,9079.93,6344.33,27239.79,0.0,27239.79,19032.99,8206.8
O01077,2026-07-29,C0091,P075,4.0,Cash on Delivery,Delivered,7874.14,5546.4,31496.56,0.0,31496.56,22185.6,9310.96
O01078,2025-04-19,C0082,P061,3.0,UPI,Delivered,12510.45,6107.96,37531.35,0.0,37531.35,18323.88,19207.47
O01079,2026-06-17,C0324,P064,4.0,Card,Delivered,5946.13,4282.19,23784.52,0.0,23784.52,17128.76,6655.76
O01080,2025-09-26,C0449,P005,3.0,UPI,Delivered,6783.17,4076.36,20349.51,0.0,20349.51,12229.08,8120.43
O01081,2025-06-11,C0114,P053,1.0,Card,Delivered,9131.74,4112.66,9131.74,0.0,9131.74,4112.66,5019.08
O01082,2025-09-17,C0257,P055,4.0,UPI,Delivered,14841.02,10384.11,59364.08,0.0,59364.08,41536.44,17827.64
O01083,2025-04-12,C0058,P037,4.0,Net Banking,Refunded,4665.94,2341.94,18663.76,18663.76,0.0,9367.76,-9367.76
O01084,2026-05-21,C0154,P056,4.0,UPI,Delivered,11227.29,6010.72,44909.16,0.0,44909.16,24042.88,20866.28
O01085,2026-07-25,C0365,P059,4.0,UPI,Delivered,12616.04,7036.26,50464.16,0.0,50464.16,28145.04,22319.12
O01086,2025-09-04,C0404,P069,1.0,Cash on Delivery,Cancelled,9557.74,6950.77,9557.74,0.0,9557.74,6950.77,2606.97
O01087,2026-06-21,C0116,P073,4.0,Card,Delivered,8017.96,5695.21,32071.84,0.0,32071.84,22780.84,9291.0
O01088,2025-05-11,C0343,P059,2.0,Net Banking,Delivered,12616.04,7036.26,25232.08,0.0,25232.08,14072.52,11159.56
O01089,2025-12-19,C0266,P002,1.0,Card,Cancelled,7371.61,3402.04,7371.61,0.0,7371.61,3402.04,3969.57
O01090,2025-07-15,C0315,P065,2.0,Net Banking,Delivered,839.96,413.59,1679.92,0.0,1679.92,827.18,852.74
O01091,2026-01-17,C0203,P060,4.0,UPI,Delivered,3689.37,2341.82,14757.48,0.0,14757.48,9367.28,5390.2
O01092,2025-08-15,C0041,P051,3.0,Cash on Delivery,Delivered,14740.26,7745.22,44220.78,0.0,44220.78,23235.66,20985.12
O01093,2026-04-21,C0105,P030,2.0,Cash on Delivery,Delivered,6154.82,4114.48,12309.64,0.0,12309.64,8228.96,4080.68
O01094,2026-04-22,C0389,P011,4.0,Card,Delivered,11146.48,5146.21,44585.92,0.0,44585.92,20584.84,24001.08
O01095,2025-09-22,C0378,P076,2.0,Cash on Delivery,Delivered,7520.44,5735.15,15040.88,0.0,15040.88,11470.3,3570.58
O01096,2026-01-07,C0193,P039,4.0,Card,Delivered,10818.63,6060.84,43274.52,0.0,43274.52,24243.36,19031.16
O01097,2026-05-01,C0401,P077,4.0,Card,Delivered,14946.14,7546.37,59784.56,0.0,59784.56,30185.48,29599.08
O01098,2026-03-10,C0278,P072,4.0,Net Banking,Delivered,9079.93,6344.33,36319.72,0.0,36319.72,25377.32,10942.4
O01099,2025-07-30,C0354,P063,3.0,Card,Delivered,990.1,448.51,2970.3,0.0,2970.3,1345.53,1624.77
O01100,2026-07-26,C0237,P064,2.0,Net Banking,Cancelled,5946.13,4282.19,11892.26,0.0,11892.26,8564.38,3327.88
O01101,2026-01-12,C0425,P061,1.0,Cash on Delivery,Delivered,12510.45,6107.96,12510.45,0.0,12510.45,6107.96,6402.49
O01102,2026-01-30,C0221,P054,1.0,Card,Cancelled,13584.74,8606.48,13584.74,0.0,13584.74,8606.48,4978.26
O01103,2026-03-26,C0068,P073,1.0,Card,Delivered,8017.96,5695.21,8017.96,0.0,8017.96,5695.21,2322.75
O01104,2025-12-30,C0197,P058,1.0,UPI,Delivered,6203.23,2963.61,6203.23,0.0,6203.23,2963.61,3239.62
O01105,2026-04-02,C0256,P056,4.0,Card,Delivered,11227.29,6010.72,44909.16,0.0,44909.16,24042.88,20866.28
O01106,2025-08-14,C0139,P034,2.0,Card,Delivered,11064.4,6882.23,22128.8,0.0,22128.8,13764.46,8364.34
O01107,2025-05-11,C0312,P031,2.0,UPI,Delivered,1647.98,1037.32,3295.96,0.0,3295.96,2074.64,1221.32
O01108,2026-08-11,C0435,P052,3.0,UPI,Delivered,13297.72,9971.58,39893.16,0.0,39893.16,29914.74,9978.42
O01109,2026-04-21,C0149,P076,2.0,Cash on Delivery,Delivered,7520.44,5735.15,15040.88,0.0,15040.88,11470.3,3570.58
O01110,2025-10-04,C0099,P001,2.0,Card,Delivered,8541.95,5952.01,17083.9,0.0,17083.9,11904.02,5179.88
O01111,2025-06-05,C0076,P055,2.0,Cash on Delivery,Delivered,14841.02,10384.11,29682.04,0.0,29682.04,20768.22,8913.82
O01112,2025-08-06,C0282,P022,3.0,Cash on Delivery,Delivered,1329.44,646.27,3988.32,0.0,3988.32,1938.81,2049.51
O01113,2025-07-09,C0371,P040,1.0,UPI,Delivered,8959.9,4737.71,8959.9,0.0,8959.9,4737.71,4222.19
O01114,2026-02-21,C0403,P001,2.0,Net Banking,Delivered,8541.95,5952.01,17083.9,0.0,17083.9,11904.02,5179.88
O01115,2026-06-30,C0109,P065,3.0,Cash on Delivery,Delivered,839.96,413.59,2519.88,0.0,2519.88,1240.77,1279.11
O01116,2025-02-10,C0188,P063,3.0,Net Banking,Delivered,990.1,448.51,2970.3,0.0,2970.3,1345.53,1624.77
O01117,2025-11-03,C0199,P054,4.0,Card,Delivered,13584.74,8606.48,54338.96,0.0,54338.96,34425.92,19913.04
O01118,2025-12-04,C0303,P042,3.0,UPI,Refunded,13681.98,6634.74,41045.94,41045.94,0.0,19904.22,-19904.22
O01119,2025-11-10,C0327,P021,1.0,Card,Delivered,14009.07,10751.96,14009.07,0.0,14009.07,10751.96,3257.11
O01120,2025-03-16,C0154,P079,2.0,Card,Delivered,7111.7,4863.19,14223.4,0.0,14223.4,9726.38,4497.02
O01121,2025-10-06,C0040,P022,3.0,UPI,Delivered,1329.44,646.27,3988.32,0.0,3988.32,1938.81,2049.51
O01122,2025-06-25,C0133,P038,1.0,Card,Cancelled,12836.48,6455.88,12836.48,0.0,12836.48,6455.88,6380.6
O01123,2025-09-30,C0405,P080,3.0,UPI,Delivered,9457.18,5733.69,28371.54,0.0,28371.54,17201.07,11170.47
O01124,2025-10-16,C0132,P008,3.0,Net Banking,Refunded,12118.46,7359.58,36355.38,36355.38,0.0,22078.74,-22078.74
O01125,2025-09-29,C0279,P062,3.0,Card,Delivered,2068.98,1188.23,6206.94,0.0,6206.94,3564.69,2642.25
O01126,2025-03-07,C0362,P047,3.0,UPI,Delivered,14359.31,8667.35,43077.93,0.0,43077.93,26002.05,17075.88
O01127,2026-04-28,C0084,P017,3.0,Cash on Delivery,Cancelled,14858.02,6711.03,44574.06,0.0,44574.06,20133.09,24440.97
O01128,2025-09-05,C0399,P017,1.0,Card,Delivered,14858.02,6711.03,14858.02,0.0,14858.02,6711.03,8146.99
O01129,2025-06-05,C0242,P013,2.0,Net Banking,Delivered,6574.21,4979.47,13148.42,0.0,13148.42,9958.94,3189.48
O01130,2025-02-16,C0116,P017,2.0,UPI,Delivered,14858.02,6711.03,29716.04,0.0,29716.04,13422.06,16293.98
O01131,2026-03-30,C0109,P038,2.0,Card,Cancelled,12836.48,6455.88,25672.96,0.0,25672.96,12911.76,12761.2
O01132,2025-07-20,C0221,P078,2.0,Card,Delivered,13492.31,9504.32,26984.62,0.0,26984.62,19008.64,7975.98
O01133,2025-05-04,C0392,P045,1.0,Card,Delivered,6056.96,4487.85,6056.96,0.0,6056.96,4487.85,1569.11
O01134,2025-01-01,C0041,P006,4.0,Net Banking,Delivered,6245.94,3616.94,24983.76,0.0,24983.76,14467.76,10516.0
O01135,2025-07-10,C0368,P035,4.0,UPI,Delivered,349.19,257.18,1396.76,0.0,1396.76,1028.72,368.04
O01136,2026-08-02,C0147,P014,1.0,Cash on Delivery,Cancelled,13186.98,9133.57,13186.98,0.0,13186.98,9133.57,4053.41
O01137,2026-05-31,C0112,P072,1.0,Cash on Delivery,Delivered,9079.93,6344.33,9079.93,0.0,9079.93,6344.33,2735.6
O01138,2026-03-18,C0103,P061,3.0,Cash on Delivery,Delivered,12510.45,6107.96,37531.35,0.0,37531.35,18323.88,19207.47
O01139,2025-05-23,C0046,P015,3.0,UPI,Refunded,6437.34,3494.57,19312.02,19312.02,0.0,10483.71,-10483.71
O01140,2025-07-10,C0412,P054,3.0,Cash on Delivery,Delivered,13584.74,8606.48,40754.22,0.0,40754.22,25819.44,14934.78
O01141,2026-06-17,C0324,P027,2.0,Net Banking,Delivered,7352.79,4560.98,14705.58,0.0,14705.58,9121.96,5583.62
O01142,2025-08-15,C0378,P013,3.0,UPI,Delivered,6574.21,4979.47,19722.63,0.0,19722.63,14938.41,4784.22
O01143,2025-11-09,C0271,P031,4.0,Card,Delivered,1647.98,1037.32,6591.92,0.0,6591.92,4149.28,2442.64
O01144,2025-10-29,C0421,P035,2.0,Net Banking,Delivered,349.19,257.18,698.38,0.0,698.38,514.36,184.02
O01145,2026-04-05,C0385,P060,3.0,Card,Delivered,3689.37,2341.82,11068.11,0.0,11068.11,7025.46,4042.65
O01146,2026-02-05,C0195,P006,2.0,Cash on Delivery,Delivered,6245.94,3616.94,12491.88,0.0,12491.88,7233.88,5258.0
O01147,2026-07-05,C0367,P069,4.0,Net Banking,Delivered,9557.74,6950.77,38230.96,0.0,38230.96,27803.08,10427.88
O01148,2026-01-28,C0280,P058,3.0,UPI,Delivered,6203.23,2963.61,18609.69,0.0,18609.69,8890.83,9718.86
O01149,2025-07-26,C0283,P049,4.0,Net Banking,Delivered,4107.04,1855.14,16428.16,0.0,16428.16,7420.56,9007.6
O01150,2025-07-29,C0040,P023,4.0,Card,Delivered,439.44,327.46,1757.76,0.0,1757.76,1309.84,447.92
O01151,2025-04-25,C0447,P034,4.0,UPI,Delivered,11064.4,6882.23,44257.6,0.0,44257.6,27528.92,16728.68
O01152,2025-09-08,C0189,P026,3.0,Net Banking,Refunded,852.67,632.13,2558.01,2558.01,0.0,1896.39,-1896.39
O01153,2025-08-07,C0164,P047,1.0,Net Banking,Delivered,14359.31,8667.35,14359.31,0.0,14359.31,8667.35,5691.96
O01154,2026-02-11,C0024,P005,3.0,Net Banking,Delivered,6783.17,4076.36,20349.51,0.0,20349.51,12229.08,8120.43
O01155,2026-03-19,C0024,P020,4.0,Net Banking,Delivered,5944.27,3719.68,23777.08,0.0,23777.08,14878.72,8898.36
O01156,2026-08-26,C0004,P006,3.0,UPI,Delivered,6245.94,3616.94,18737.82,0.0,18737.82,10850.82,7887.0
O01157,2025-12-20,C0323,P070,4.0,Card,Delivered,3479.96,2016.32,13919.84,0.0,13919.84,8065.28,5854.56
O01158,2026-07-12,C0290,P059,1.0,Net Banking,Delivered,12616.04,7036.26,12616.04,0.0,12616.04,7036.26,5579.78
O01159,2026-07-04,C0441,P064,2.0,UPI,Delivered,5946.13,4282.19,11892.26,0.0,11892.26,8564.38,3327.88
O01160,2025-05-22,C0433,P018,1.0,Card,Refunded,303.49,206.25,303.49,303.49,0.0,206.25,-206.25
O01161,2026-05-16,C0181,P004,1.0,Net Banking,Delivered,8094.9,5940.38,8094.9,0.0,8094.9,5940.38,2154.52
O01162,2026-07-01,C0248,P017,2.0,Card,Delivered,14858.02,6711.03,29716.04,0.0,29716.04,13422.06,16293.98
O01163,2026-06-26,C0116,P014,3.0,Card,Delivered,13186.98,9133.57,39560.94,0.0,39560.94,27400.71,12160.23
O01164,2026-05-22,C0279,P078,2.0,UPI,Delivered,13492.31,9504.32,26984.62,0.0,26984.62,19008.64,7975.98
O01165,2026-08-19,C0365,P013,3.0,Card,Delivered,6574.21,4979.47,19722.63,0.0,19722.63,14938.41,4784.22
O01166,2025-10-08,C0069,P007,3.0,UPI,Delivered,8714.69,4706.6,26144.07,0.0,26144.07,14119.8,12024.27
O01167,2026-02-28,C0351,P044,4.0,Net Banking,Delivered,1909.17,978.34,7636.68,0.0,7636.68,3913.36,3723.32
O01168,2025-09-27,C0254,P015,4.0,Card,Delivered,6437.34,3494.57,25749.36,0.0,25749.36,13978.28,11771.08
O01169,2025-06-03,C0181,P019,2.0,Card,Delivered,3026.45,1410.62,6052.9,0.0,6052.9,2821.24,3231.66
O01170,2025-03-24,C0318,P063,1.0,Cash on Delivery,Delivered,990.1,448.51,990.1,0.0,990.1,448.51,541.59
O01171,2026-03-02,C0169,P035,2.0,Net Banking,Delivered,349.19,257.18,698.38,0.0,698.38,514.36,184.02
O01172,2025-10-02,C0313,P035,3.0,Net Banking,Delivered,349.19,257.18,1047.57,0.0,1047.57,771.54,276.03
O01173,2025-10-11,C0249,P019,4.0,Cash on Delivery,Delivered,3026.45,1410.62,12105.8,0.0,12105.8,5642.48,6463.32
O01174,2025-06-22,C0188,P020,2.0,Cash on Delivery,Delivered,5944.27,3719.68,11888.54,0.0,11888.54,7439.36,4449.18
O01175,2025-11-23,C0054,P035,2.0,UPI,Delivered,349.19,257.18,698.38,0.0,698.38,514.36,184.02
O01176,2025-03-04,C0326,P032,4.0,UPI,Cancelled,5244.65,3856.3,20978.6,0.0,20978.6,15425.2,5553.4
O01177,2025-03-14,C0357,P048,4.0,Card,Delivered,12030.44,8903.65,48121.76,0.0,48121.76,35614.6,12507.16
O01178,2026-01-10,C0313,P044,4.0,Card,Delivered,1909.17,978.34,7636.68,0.0,7636.68,3913.36,3723.32
O01179,2026-05-23,C0138,P024,3.0,Card,Delivered,1074.45,835.05,3223.35,0.0,3223.35,2505.15,718.2
O01180,2026-02-02,C0168,P061,4.0,Card,Delivered,12510.45,6107.96,50041.8,0.0,50041.8,24431.84,25609.96
O01181,2025-04-30,C0391,P017,1.0,UPI,Delivered,14858.02,6711.03,14858.02,0.0,14858.02,6711.03,8146.99
O01182,2026-03-13,C0103,P071,2.0,Net Banking,Cancelled,7918.43,4032.33,15836.86,0.0,15836.86,8064.66,7772.2
O01183,2026-04-10,C0422,P050,4.0,Card,Delivered,8951.75,6450.47,35807.0,0.0,35807.0,25801.88,10005.12
O01184,2025-10-13,C0085,P065,4.0,Net Banking,Refunded,839.96,413.59,3359.84,3359.84,0.0,1654.36,-1654.36
O01185,2025-09-22,C0317,P032,3.0,Card,Cancelled,5244.65,3856.3,15733.95,0.0,15733.95,11568.9,4165.05
O01186,2025-11-16,C0212,P036,3.0,Cash on Delivery,Delivered,7169.47,3806.59,21508.41,0.0,21508.41,11419.77,10088.64
O01187,2026-01-11,C0003,P013,2.0,Card,Delivered,6574.21,4979.47,13148.42,0.0,13148.42,9958.94,3189.48
O01188,2025-03-30,C0384,P070,1.0,Card,Delivered,3479.96,2016.32,3479.96,0.0,3479.96,2016.32,1463.64
O01189,2025-07-22,C0179,P058,2.0,Card,Delivered,6203.23,2963.61,12406.46,0.0,12406.46,5927.22,6479.24
O01190,2025-11-30,C0342,P014,4.0,UPI,Cancelled,13186.98,9133.57,52747.92,0.0,52747.92,36534.28,16213.64
O01191,2025-08-10,C0303,P037,1.0,Cash on Delivery,Delivered,4665.94,2341.94,4665.94,0.0,4665.94,2341.94,2324.0
O01192,2025-02-10,C0332,P079,1.0,Card,Cancelled,7111.7,4863.19,7111.7,0.0,7111.7,4863.19,2248.51
O01193,2025-03-09,C0038,P068,1.0,Card,Delivered,12071.31,7153.93,12071.31,0.0,12071.31,7153.93,4917.38
O01194,2026-05-29,C0420,P040,1.0,Net Banking,Cancelled,8959.9,4737.71,8959.9,0.0,8959.9,4737.71,4222.19
O01195,2026-08-21,C0239,P059,2.0,Cash on Delivery,Refunded,12616.04,7036.26,25232.08,25232.08,0.0,14072.52,-14072.52
O01196,2025-05-07,C0169,P080,3.0,Card,Delivered,9457.18,5733.69,28371.54,0.0,28371.54,17201.07,11170.47
O01197,2025-09-12,C0397,P016,3.0,Net Banking,Delivered,7090.56,3781.92,21271.68,0.0,21271.68,11345.76,9925.92
O01198,2025-01-16,C0343,P062,4.0,Net Banking,Delivered,2068.98,1188.23,8275.92,0.0,8275.92,4752.92,3523.0
O01199,2026-04-22,C0314,P004,3.0,UPI,Delivered,8094.9,5940.38,24284.7,0.0,24284.7,17821.14,6463.56
O01200,2025-03-03,C0306,P045,3.0,Net Banking,Refunded,6056.96,4487.85,18170.88,18170.88,0.0,13463.55,-13463.55
O00021,2026-05-31,C0035,P059,4.0,Cash on Delivery,Refunded,12616.04,7036.26,50464.16,50464.16,0.0,28145.04,-28145.04
